x_mm,y_mm,z_mm,qx,qy,qz,qw
-10.500216000000023,-13.557987000000026,-67.506393,0.08289343528466808,0.7033267107937136,-0.7013595393859395,0.08096303343591783
-10.500216000000023,-13.557987000000026,-67.506393,0.08289343528466808,0.7033267107937136,-0.7013595393859395,0.08096303343591783
6.696039000000042,-12.992184000000009,-67.06997899999999,-0.08256039627501814,-0.7022703640392693,0.7022703640392692,-0.08256181048896964
6.696039000000042,-12.992184000000009,-67.06997899999999,-0.08256039627501814,-0.7022703640392693,0.7022703640392692,-0.08256181048896964
22.338472000000024,-13.770752000000016,-66.961554,-0.08244724189637494,-0.701930098616199,0.7025650805474752,-0.08305959640916469
22.338472000000024,-13.770752000000016,-66.961554,-0.08244724189637494,-0.701930098616199,0.7025650805474752,-0.08305959640916469
36.349080999999956,-15.777881999999977,-67.07891900000001,-0.08256040591469442,-0.7022704460357141,0.7022704460357142,-0.08256040591469442
36.349080999999956,-15.777881999999977,-67.07891900000001,-0.08256040591469442,-0.7022704460357141,0.7022704460357142,-0.08256040591469442
36.25235799999996,-15.767684999999972,-67.078959,-0.08256040591469442,-0.7022704460357141,0.7022704460357142,-0.08256040591469442
36.25235799999996,-15.767684999999972,-67.078959,-0.08256040591469442,-0.7022704460357141,0.7022704460357142,-0.08256040591469442
36.15535299999999,-15.757499999999993,-67.07901000000001,-0.08256040591469442,-0.7022704460357141,0.7022704460357142,-0.08256040591469442
36.15535299999999,-15.757499999999993,-67.07901000000001,-0.08256040591469442,-0.7022704460357141,0.7022704460357142,-0.08256040591469442
35.91665599999999,-15.711794999999995,-67.080378,-0.08256040591469442,-0.7022704460357141,0.7022704460357142,-0.08256040591469442
35.91665599999999,-15.711794999999995,-67.080378,-0.08256040591469442,-0.7022704460357141,0.7022704460357142,-0.08256040591469442
35.67725800000005,-15.666423000000009,-67.081806,-0.08256040591469442,-0.7022704460357141,0.7022704460357142,-0.08256040591469442
35.67725800000005,-15.666423000000009,-67.081806,-0.08256040591469442,-0.7022704460357141,0.7022704460357142,-0.08256040591469442
35.27461000000005,-15.6284,-67.081921,-0.08256040591469442,-0.7022704460357141,0.7022704460357142,-0.08256040591469442
35.27461000000005,-15.6284,-67.081921,-0.08256040591469442,-0.7022704460357141,0.7022704460357142,-0.08256040591469442
34.870363999999995,-15.591375000000028,-67.0822,-0.08256040591469442,-0.7022704460357141,0.7022704460357142,-0.08256040591469442
34.870363999999995,-15.591375000000028,-67.0822,-0.08256040591469442,-0.7022704460357141,0.7022704460357142,-0.08256040591469442
34.30394100000001,-15.549191000000008,-67.082066,-0.08256039627497683,-0.7022696569319424,0.7022710711458938,-0.08256181048892834
34.30394100000001,-15.549191000000008,-67.082066,-0.08256039627497683,-0.7022696569319424,0.7022710711458938,-0.08256181048892834
33.73378200000002,-15.508879999999976,-67.082256,-0.08256040591469442,-0.7022704460357141,0.7022704460357142,-0.08256040591469442
33.73378200000002,-15.508879999999976,-67.082256,-0.08256040591469442,-0.7022704460357141,0.7022704460357142,-0.08256040591469442
33.01674800000001,-15.418699000000004,-67.083213,-0.08256039627497683,-0.7022696569319424,0.7022710711458938,-0.08256181048892834
33.01674800000001,-15.418699000000004,-67.083213,-0.08256039627497683,-0.7022696569319424,0.7022710711458938,-0.08256181048892834
32.294910999999956,-15.331616999999994,-67.084702,-0.08256040591469442,-0.7022704460357141,0.7022704460357142,-0.08256040591469442
32.294910999999956,-15.331616999999994,-67.084702,-0.08256040591469442,-0.7022704460357141,0.7022704460357142,-0.08256040591469442
31.43366100000003,-15.297755999999993,-67.08331999999999,-0.08255968916787725,-0.7022696569308889,0.7022710711448406,-0.08256251759578025
31.43366100000003,-15.297755999999993,-67.08331999999999,-0.08255968916787725,-0.7022696569308889,0.7022710711448406,-0.08256251759578025
30.565270000000055,-15.268434000000013,-67.082684,-0.08256040591469442,-0.7022704460357141,0.7022704460357142,-0.08256040591469442
30.565270000000055,-15.268434000000013,-67.082684,-0.08256040591469442,-0.7022704460357141,0.7022704460357142,-0.08256040591469442
29.57862399999999,-15.230547000000001,-67.082603,-0.08255969880742971,-0.7022690318198419,0.7022718602480751,-0.08256111302154633
29.57862399999999,-15.230547000000001,-67.082603,-0.08255969880742971,-0.7022690318198419,0.7022718602480751,-0.08256111302154633
28.58358499999997,-15.198509000000001,-67.083505,-0.08256105030414299,-0.7022706196619785,0.7022706196619786,-0.08255680766501602
28.58358499999997,-15.198509000000001,-67.083505,-0.08256105030414299,-0.7022706196619785,0.7022706196619786,-0.08255680766501602
27.49947599999996,-15.117885999999999,-67.08143999999999,-0.08256040591452932,-0.702269031820193,0.7022718602484262,-0.08256040591452932
27.49947599999996,-15.117885999999999,-67.08143999999999,-0.08256040591452932,-0.702269031820193,0.7022718602484262,-0.08256040591452932
26.40554599999996,-15.044202999999982,-67.08059,-0.08256104066481888,-0.7022705376691492,0.7022705376691492,-0.08255821223906447
26.40554599999996,-15.044202999999982,-67.08059,-0.08256104066481888,-0.7022705376691492,0.7022705376691492,-0.08255821223906447
25.230616000000055,-15.004313000000025,-67.076349,-0.08255968916775341,-0.7022689498228599,0.7022717782507628,-0.08256251759565644
25.230616000000055,-15.004313000000025,-67.076349,-0.08255968916775341,-0.7022689498228599,0.7022717782507628,-0.08256251759565644
24.044029000000023,-14.972524000000021,-67.07352900000001,-0.08256041555420898,-0.7022705280307833,0.7022705280307833,-0.08255900133992723
24.044029000000023,-14.972524000000021,-67.07352900000001,-0.08256041555420898,-0.7022705280307833,0.7022705280307833,-0.08255900133992723
22.794749000000024,-14.92936800000001,-67.069052,-0.08255967952770896,-0.7022681607158531,0.7022724033572121,-0.08256392216906808
22.794749000000024,-14.92936800000001,-67.069052,-0.08255967952770896,-0.7022681607158531,0.7022724033572121,-0.08256392216906808
21.532975999999962,-14.895223999999985,-67.066192,-0.08256040591469442,-0.7022704460357141,0.7022704460357142,-0.08256040591469442
21.532975999999962,-14.895223999999985,-67.066192,-0.08256040591469442,-0.7022704460357141,0.7022704460357142,-0.08256040591469442
20.221707000000038,-14.854656999999975,-67.06099499999999,-0.08255967952770896,-0.7022681607158531,0.7022724033572121,-0.08256392216906808
20.221707000000038,-14.854656999999975,-67.06099499999999,-0.08255967952770896,-0.7022681607158531,0.7022724033572121,-0.08256392216906808
18.89652000000001,-14.823830999999984,-67.05758599999999,-0.08256040591469442,-0.7022704460357141,0.7022704460357142,-0.08256040591469442
18.89652000000001,-14.823830999999984,-67.05758599999999,-0.08256040591469442,-0.7022704460357141,0.7022704460357142,-0.08256040591469442
17.533855000000017,-14.763500000000022,-67.052323,-0.08255897242023787,-0.7022674536040441,0.7022731104591895,-0.08256462927538331
17.533855000000017,-14.763500000000022,-67.052323,-0.08255897242023787,-0.7022674536040441,0.7022731104591895,-0.08256462927538331
16.157719000000043,-14.713557999999978,-67.049001,-0.08256040591469442,-0.7022704460357141,0.7022704460357142,-0.08256040591469442
16.157719000000043,-14.713557999999978,-67.049001,-0.08256040591469442,-0.7022704460357141,0.7022704460357142,-0.08256040591469442
14.75147000000004,-14.721757000000025,-67.04202000000001,-0.08255966988742022,-0.7022673716069334,0.7022730284614183,-0.08256532674190518
14.75147000000004,-14.721757000000025,-67.04202000000001,-0.08255966988742022,-0.7022673716069334,0.7022730284614183,-0.08256532674190518
13.330029999999965,-14.740980999999977,-67.03709900000001,-0.08256040591469442,-0.7022704460357141,0.7022704460357142,-0.08256040591469442
13.330029999999965,-14.740980999999977,-67.03709900000001,-0.08256040591469442,-0.7022704460357141,0.7022704460357142,-0.08256040591469442
11.88997500000005,-14.748693000000003,-67.029349,-0.08255966988742022,-0.7022673716069334,0.7022730284614183,-0.08256532674190518
11.88997500000005,-14.748693000000003,-67.029349,-0.08255966988742022,-0.7022673716069334,0.7022730284614183,-0.08256532674190518
10.43447500000002,-14.767696,-67.02377100000001,-0.08256040591469442,-0.7022704460357141,0.7022704460357142,-0.08256040591469442
10.43447500000002,-14.767696,-67.02377100000001,-0.08256040591469442,-0.7022704460357141,0.7022704460357142,-0.08256040591469442
8.965014999999994,-14.705040999999994,-67.017246,-0.08255966988742022,-0.7022673716069334,0.7022730284614183,-0.08256532674190518
8.965014999999994,-14.705040999999994,-67.017246,-0.08255966988742022,-0.7022673716069334,0.7022730284614183,-0.08256532674190518
7.481434000000036,-14.653909999999996,-67.012978,-0.08256110338203516,-0.7022703640396204,0.7022703640396204,-0.08256110338203516
7.481434000000036,-14.653909999999996,-67.012978,-0.08256110338203516,-0.7022703640396204,0.7022703640396204,-0.08256110338203516
5.992749000000003,-14.672753,-67.004359,-0.08256036735435827,-0.7022672896091492,0.7022729464629737,-0.08256602420818271
5.992749000000003,-14.672753,-67.004359,-0.08256036735435827,-0.7022672896091492,0.7022729464629737,-0.08256602420818271
4.489977999999951,-14.703348000000005,-66.99807000000001,-0.08256040591469442,-0.7022704460357141,0.7022704460357142,-0.08256040591469442
4.489977999999951,-14.703348000000005,-66.99807000000001,-0.08256040591469442,-0.7022704460357141,0.7022704460357142,-0.08256040591469442
2.981002999999987,-14.675180000000012,-66.99038999999999,-0.08255966988742022,-0.7022673716069334,0.7022730284614183,-0.08256532674190518
2.981002999999987,-14.675180000000012,-66.99038999999999,-0.08255966988742022,-0.7022673716069334,0.7022730284614183,-0.08256532674190518
1.4588840000000118,-14.658816999999999,-66.98508899999999,-0.08256040591469442,-0.7022704460357141,0.7022704460357142,-0.08256040591469442
1.4588840000000118,-14.658816999999999,-66.98508899999999,-0.08256040591469442,-0.7022704460357141,0.7022704460357142,-0.08256040591469442
-0.0657619999999497,-14.613617999999974,-66.97763900000001,-0.08255966988742022,-0.7022673716069334,0.7022730284614183,-0.08256532674190518
-0.0657619999999497,-14.613617999999974,-66.97763900000001,-0.08255966988742022,-0.7022673716069334,0.7022730284614183,-0.08256532674190518
-1.6036229999999705,-14.580352000000005,-66.972601,-0.08256040591469442,-0.7022704460357141,0.7022704460357142,-0.08256040591469442
-1.6036229999999705,-14.580352000000005,-66.972601,-0.08256040591469442,-0.7022704460357141,0.7022704460357142,-0.08256040591469442
-3.1372479999999996,-14.596449000000007,-66.964801,-0.08255966988742022,-0.7022673716069334,0.7022730284614183,-0.08256532674190518
-3.1372479999999996,-14.596449000000007,-66.964801,-0.08255966988742022,-0.7022673716069334,0.7022730284614183,-0.08256532674190518
-4.684207000000015,-14.624547000000007,-66.959499,-0.08256040591469442,-0.7022704460357141,0.7022704460357142,-0.08256040591469442
-4.684207000000015,-14.624547000000007,-66.959499,-0.08256040591469442,-0.7022704460357141,0.7022704460357142,-0.08256040591469442
-6.222846000000004,-14.658203000000015,-67.00112999999999,-0.08255966988742022,-0.7022673716069334,0.7022730284614183,-0.08256532674190518
-6.222846000000004,-14.658203000000015,-67.00112999999999,-0.08255966988742022,-0.7022673716069334,0.7022730284614183,-0.08256532674190518
-7.774438000000032,-14.703993000000025,-67.04514699999999,-0.08256111302171146,-0.7022704460353629,0.702270446035363,-0.08255969880759483
-7.774438000000032,-14.703993000000025,-67.04514699999999,-0.08256111302171146,-0.7022704460353629,0.702270446035363,-0.08255969880759483
-9.237855999999965,-14.786098999999979,-67.224907,-0.08255967952770896,-0.7022681607158531,0.7022724033572121,-0.08256392216906808
-9.237855999999965,-14.786098999999979,-67.224907,-0.08255967952770896,-0.7022681607158531,0.7022724033572121,-0.08256392216906808
-10.714631000000054,-14.879569000000004,-67.40643700000001,-0.08256033355850413,-0.7022705376702026,0.7022705376702026,-0.08255891934562692
-10.714631000000054,-14.879569000000004,-67.40643700000001,-0.08256033355850413,-0.7022705376702026,0.7022705376702026,-0.08255891934562692
-12.049125000000004,-14.961411999999996,-67.79064399999999,-0.08255968916754701,-0.7022682427141285,0.702272485355983,-0.08256251759545001
-12.049125000000004,-14.961411999999996,-67.79064399999999,-0.08255968916754701,-0.7022682427141285,0.702272485355983,-0.08256251759545001
-13.394364999999993,-15.053157999999996,-68.1754,0.08256034319778693,0.7022713267699041,-0.7022699125568619,0.08255751477170228
-13.394364999999993,-15.053157999999996,-68.1754,0.08256034319778693,0.7022713267699041,-0.7022699125568619,0.08255751477170228
-14.554056999999943,-15.149020000000007,-68.81270699999999,-0.08255970844694428,-0.7022691138154481,0.7022719422440117,-0.08255970844694428
-14.554056999999943,-15.149020000000007,-68.81270699999999,-0.08255970844694428,-0.7022691138154481,0.7022719422440117,-0.08255970844694428
-15.722965000000045,-15.253049999999973,-69.44938200000001,0.0825603528369493,0.7022714087621423,-0.702269994548935,0.08255611019732698
-15.722965000000045,-15.253049999999973,-69.44938200000001,0.0825603528369493,0.7022714087621423,-0.702269994548935,0.08255611019732698
-16.669894999999997,-15.367725000000007,-70.37362100000001,-0.08255969880742971,-0.7022690318198419,0.7022718602480751,-0.08256111302154633
-16.669894999999997,-15.367725000000007,-70.37362100000001,-0.08255969880742971,-0.7022690318198419,0.7022718602480751,-0.08256111302154633
-17.62465899999995,-15.488625000000013,-71.29614000000001,-0.08256040591469442,-0.7022704460357141,0.7022704460357142,-0.08256040591469442
-17.62465899999995,-15.488625000000013,-71.29614000000001,-0.08256040591469442,-0.7022704460357141,0.7022704460357142,-0.08256040591469442
-18.345290999999975,-15.582070999999985,-72.541228,-0.08255968916775341,-0.7022689498228599,0.7022717782507628,-0.08256251759565644
-18.345290999999975,-15.582070999999985,-72.541228,-0.08255968916775341,-0.7022689498228599,0.7022717782507628,-0.08256251759565644
-19.07290999999998,-15.680000000000007,-73.783697,-0.08256040591469442,-0.7022704460357141,0.7022704460357142,-0.08256040591469442
-19.07290999999998,-15.680000000000007,-73.783697,-0.08256040591469442,-0.7022704460357141,0.7022704460357142,-0.08256040591469442
-19.542824999999993,-15.78144500000002,-75.367486,-0.08256039627497683,-0.7022696569319424,0.7022710711458938,-0.08256181048892834
-19.542824999999993,-15.78144500000002,-75.367486,-0.08256039627497683,-0.7022696569319424,0.7022710711458938,-0.08256181048892834
-20.01959499999998,-15.885661000000027,-76.947682,-0.08256040591469442,-0.7022704460357141,0.7022704460357142,-0.08256040591469442
-20.01959499999998,-15.885661000000027,-76.947682,-0.08256040591469442,-0.7022704460357141,0.7022704460357142,-0.08256040591469442
-20.28215,-15.912435000000016,-78.138503,-0.08256040591469442,-0.7022704460357141,0.7022704460357142,-0.08256040591469442
-20.28215,-15.912435000000016,-78.138503,-0.08256040591469442,-0.7022704460357141,0.7022704460357142,-0.08256040591469442
-20.54786200000001,-15.940354000000013,-79.327556,-0.08256040591469442,-0.7022704460357141,0.7022704460357142,-0.08256040591469442
-20.54786200000001,-15.940354000000013,-79.327556,-0.08256040591469442,-0.7022704460357141,0.7022704460357142,-0.08256040591469442
-20.57323299999996,-16.00527299999999,-80.221062,-0.08256040591469442,-0.7022704460357141,0.7022704460357142,-0.08256040591469442
-20.57323299999996,-16.00527299999999,-80.221062,-0.08256040591469442,-0.7022704460357141,0.7022704460357142,-0.08256040591469442
-20.599904000000038,-16.07028600000001,-81.113981,-0.08256040591469442,-0.7022704460357141,0.7022704460357142,-0.08256040591469442
-20.599904000000038,-16.07028600000001,-81.113981,-0.08256040591469442,-0.7022704460357141,0.7022704460357142,-0.08256040591469442
-20.402003000000036,-16.062292000000014,-81.787356,-0.08256040591469442,-0.7022704460357141,0.7022704460357142,-0.08256040591469442
-20.402003000000036,-16.062292000000014,-81.787356,-0.08256040591469442,-0.7022704460357141,0.7022704460357142,-0.08256040591469442
-20.204508000000033,-16.054326000000003,-82.461311,-0.08256040591469442,-0.7022704460357141,0.7022704460357142,-0.08256040591469442
-20.204508000000033,-16.054326000000003,-82.461311,-0.08256040591469442,-0.7022704460357141,0.7022704460357142,-0.08256040591469442
-19.791845999999964,-16.051873,-82.967907,-0.08256040591469442,-0.7022704460357141,0.7022704460357142,-0.08256040591469442
-19.791845999999964,-16.051873,-82.967907,-0.08256040591469442,-0.7022704460357141,0.7022704460357142,-0.08256040591469442
-19.37985500000002,-16.049915,-83.475071,-0.08256040591469442,-0.7022704460357141,0.7022704460357142,-0.08256040591469442
-19.37985500000002,-16.049915,-83.475071,-0.08256040591469442,-0.7022704460357141,0.7022704460357142,-0.08256040591469442
-18.775072000000023,-16.047270000000026,-83.856786,-0.08256110338203516,-0.7022703640396204,0.7022703640396204,-0.08256110338203516
-18.775072000000023,-16.047270000000026,-83.856786,-0.08256110338203516,-0.7022703640396204,0.7022703640396204,-0.08256110338203516
-18.171696999999995,-16.04592100000002,-84.239327,-0.08256040591469442,-0.7022704460357141,0.7022704460357142,-0.08256040591469442
-18.171696999999995,-16.04592100000002,-84.239327,-0.08256040591469442,-0.7022704460357141,0.7022704460357142,-0.08256040591469442
-17.404790000000048,-15.959030999999982,-84.532773,-0.08256039627497683,-0.7022696569319424,0.7022710711458938,-0.08256181048892834
-17.404790000000048,-15.959030999999982,-84.532773,-0.08256039627497683,-0.7022696569319424,0.7022710711458938,-0.08256181048892834
-16.640634999999975,-15.874676000000022,-84.827225,-0.08256040591469442,-0.7022704460357141,0.7022704460357142,-0.08256040591469442
-16.640634999999975,-15.874676000000022,-84.827225,-0.08256040591469442,-0.7022704460357141,0.7022704460357142,-0.08256040591469442
-15.72547099999997,-15.819480999999996,-85.050013,-0.08256039627497683,-0.7022696569319424,0.7022710711458938,-0.08256181048892834
-15.72547099999997,-15.819480999999996,-85.050013,-0.08256039627497683,-0.7022696569319424,0.7022710711458938,-0.08256181048892834
-14.814031999999997,-15.768025000000023,-85.274005,-0.08256040591469442,-0.7022704460357141,0.7022704460357142,-0.08256040591469442
-14.814031999999997,-15.768025000000023,-85.274005,-0.08256040591469442,-0.7022704460357141,0.7022704460357142,-0.08256040591469442
-13.773686999999995,-15.733961000000022,-85.443855,-0.08255968916775341,-0.7022689498228599,0.7022717782507628,-0.08256251759565644
-13.773686999999995,-15.733961000000022,-85.443855,-0.08255968916775341,-0.7022689498228599,0.7022717782507628,-0.08256251759565644
-12.738061000000016,-15.704860999999994,-85.615063,-0.08256040591469442,-0.7022704460357141,0.7022704460357142,-0.08256040591469442
-12.738061000000016,-15.704860999999994,-85.615063,-0.08256040591469442,-0.7022704460357141,0.7022704460357142,-0.08256040591469442
-11.593737000000033,-15.692341999999996,-85.744549,-0.08256038663501497,-0.7022688678262577,0.7022716962538303,-0.08256321506258772
-11.593737000000033,-15.692341999999996,-85.744549,-0.08256038663501497,-0.7022688678262577,0.7022716962538303,-0.08256321506258772
-10.45596599999999,-15.685925999999995,-85.875405,-0.08256040591469442,-0.7022704460357141,0.7022704460357142,-0.08256040591469442
-10.45596599999999,-15.685925999999995,-85.875405,-0.08256040591469442,-0.7022704460357141,0.7022704460357142,-0.08256040591469442
-9.229763000000048,-15.670942000000025,-85.978635,-0.082560396274853,-0.7022689498239132,0.7022717782518163,-0.08256181048880448
-9.229763000000048,-15.670942000000025,-85.978635,-0.082560396274853,-0.7022689498239132,0.7022717782518163,-0.08256181048880448
-8.00997099999995,-15.66314699999998,-86.083445,0.08256034319778693,0.7022713267699041,-0.7022699125568619,0.08255751477170228
-8.00997099999995,-15.66314699999998,-86.083445,0.08256034319778693,0.7022713267699041,-0.7022699125568619,0.08255751477170228
-6.7084370000000035,-15.700630999999987,-86.158594,-0.08255969880742971,-0.7022690318198419,0.7022718602480751,-0.08256111302154633
-6.7084370000000035,-15.700630999999987,-86.158594,-0.08255969880742971,-0.7022690318198419,0.7022718602480751,-0.08256111302154633
-5.4150809999999865,-15.746242999999993,-86.235313,0.08256104066477762,0.7022712447752367,-0.7022698305623595,0.08255821223902321
-5.4150809999999865,-15.746242999999993,-86.235313,0.08256104066477762,0.7022712447752367,-0.7022698305623595,0.08255821223902321
-4.058149999999955,-15.812364000000002,-86.292447,-0.08255968916775341,-0.7022689498228599,0.7022717782507628,-0.08256251759565644
-4.058149999999955,-15.812364000000002,-86.292447,-0.08255968916775341,-0.7022689498228599,0.7022717782507628,-0.08256251759565644
-2.7102559999999585,-15.887427000000002,-86.3512,0.08256041555416771,0.7022712351375731,-0.7022698209232914,0.08255900133988596
-2.7102559999999585,-15.887427000000002,-86.3512,0.08256041555416771,0.7022712351375731,-0.7022698209232914,0.08255900133988596
-1.313101999999958,-16.012687000000028,-86.389667,-0.08255968916754701,-0.7022682427141285,0.702272485355983,-0.08256251759545001
-1.313101999999958,-16.012687000000028,-86.389667,-0.08255968916754701,-0.7022682427141285,0.702272485355983,-0.08256251759545001
0.0754500000000462,-16.147351000000015,-86.42982,-0.08256111302171146,-0.7022704460353629,0.702270446035363,-0.08255969880759483
0.0754500000000462,-16.147351000000015,-86.42982,-0.08256111302171146,-0.7022704460353629,0.702270446035363,-0.08255969880759483
1.5201130000000376,-16.134112000000016,-86.477878,-0.08255967952770896,-0.7022681607158531,0.7022724033572121,-0.08256392216906808
1.5201130000000376,-16.134112000000016,-86.477878,-0.08255967952770896,-0.7022681607158531,0.7022724033572121,-0.08256392216906808
2.953200000000038,-16.131365000000017,-86.527738,-0.08256040591469442,-0.7022704460357141,0.7022704460357142,-0.08256040591469442
2.953200000000038,-16.131365000000017,-86.527738,-0.08256040591469442,-0.7022704460357141,0.7022704460357142,-0.08256040591469442
4.422614999999951,-16.183868000000018,-86.558949,-0.08255897242023787,-0.7022674536040441,0.7022731104591895,-0.08256462927538331
4.422614999999951,-16.183868000000018,-86.558949,-0.08255897242023787,-0.7022674536040441,0.7022731104591895,-0.08256462927538331
5.879984000000036,-16.247191999999984,-86.591954,-0.08256040591469442,-0.7022704460357141,0.7022704460357142,-0.08256040591469442
5.879984000000036,-16.247191999999984,-86.591954,-0.08256040591469442,-0.7022704460357141,0.7022704460357142,-0.08256040591469442
7.372298000000001,-16.294475999999975,-86.61837,-0.08255966988742022,-0.7022673716069334,0.7022730284614183,-0.08256532674190518
7.372298000000001,-16.294475999999975,-86.61837,-0.08255966988742022,-0.7022673716069334,0.7022730284614183,-0.08256532674190518
8.851635999999985,-16.353071,-86.646615,-0.08256040591469442,-0.7022704460357141,0.7022704460357142,-0.08256040591469442
8.851635999999985,-16.353071,-86.646615,-0.08256040591469442,-0.7022704460357141,0.7022704460357142,-0.08256040591469442
10.364322000000016,-16.38785200000001,-86.670971,-0.08255966988742022,-0.7022673716069334,0.7022730284614183,-0.08256532674190518
10.364322000000016,-16.38785200000001,-86.670971,-0.08255966988742022,-0.7022673716069334,0.7022730284614183,-0.08256532674190518
11.863073999999983,-16.434455000000014,-86.697187,-0.08256040591469442,-0.7022704460357141,0.7022704460357142,-0.08256040591469442
11.863073999999983,-16.434455000000014,-86.697187,-0.08256040591469442,-0.7022704460357141,0.7022704460357142,-0.08256040591469442
13.392235000000028,-16.46826199999998,-86.716632,-0.08255966988742022,-0.7022673716069334,0.7022730284614183,-0.08256532674190518
13.392235000000028,-16.46826199999998,-86.716632,-0.08255966988742022,-0.7022673716069334,0.7022730284614183,-0.08256532674190518
14.907487999999944,-16.51440100000002,-86.737953,-0.08256040591469442,-0.7022704460357141,0.7022704460357142,-0.08256040591469442
14.907487999999944,-16.51440100000002,-86.737953,-0.08256040591469442,-0.7022704460357141,0.7022704460357142,-0.08256040591469442
16.449371000000042,-16.57753600000001,-86.748933,-0.08255966988742022,-0.7022673716069334,0.7022730284614183,-0.08256532674190518
16.449371000000042,-16.57753600000001,-86.748933,-0.08255966988742022,-0.7022673716069334,0.7022730284614183,-0.08256532674190518
17.975486000000046,-16.653276000000005,-86.761816,-0.08256040591469442,-0.7022704460357141,0.7022704460357142,-0.08256040591469442
17.975486000000046,-16.653276000000005,-86.761816,-0.08256040591469442,-0.7022704460357141,0.7022704460357142,-0.08256040591469442
19.52131799999995,-16.71950700000002,-86.819646,-0.08255966988742022,-0.7022673716069334,0.7022730284614183,-0.08256532674190518
19.52131799999995,-16.71950700000002,-86.819646,-0.08255966988742022,-0.7022673716069334,0.7022730284614183,-0.08256532674190518
21.050868000000037,-16.798410999999987,-86.879674,-0.08256111302171146,-0.7022704460353629,0.702270446035363,-0.08255969880759483
21.050868000000037,-16.798410999999987,-86.879674,-0.08256111302171146,-0.7022704460353629,0.702270446035363,-0.08255969880759483
22.51425500000005,-16.786040000000014,-87.080888,-0.08255967952770896,-0.7022681607158531,0.7022724033572121,-0.08256392216906808
22.51425500000005,-16.786040000000014,-87.080888,-0.08255967952770896,-0.7022681607158531,0.7022724033572121,-0.08256392216906808
23.961302000000046,-16.785212,-87.284505,-0.08256041555420898,-0.7022705280307833,0.7022705280307833,-0.08255900133992723
23.961302000000046,-16.785212,-87.284505,-0.08256041555420898,-0.7022705280307833,0.7022705280307833,-0.08255900133992723
25.27700100000004,-16.877542000000005,-87.669708,-0.08256039627464659,-0.7022682427151817,0.7022724853570363,-0.08256181048859809
25.27700100000004,-16.877542000000005,-87.669708,-0.08256039627464659,-0.7022682427151817,0.7022724853570363,-0.08256181048859809
26.58040500000004,-16.978556000000026,-88.057697,-0.08256104066481888,-0.7022705376691492,0.7022705376691492,-0.08255821223906447
26.58040500000004,-16.978556000000026,-88.057697,-0.08256104066481888,-0.7022705376691492,0.7022705376691492,-0.08255821223906447
27.700612999999976,-17.070940000000007,-88.688719,-0.08256111302154633,-0.7022690318198419,0.7022718602480751,-0.08255969880742971
27.700612999999976,-17.070940000000007,-88.688719,-0.08256111302154633,-0.7022690318198419,0.7022718602480751,-0.08255969880742971
28.812180000000012,-17.169138999999973,-89.322767,-0.08256105030414299,-0.7022706196619785,0.7022706196619786,-0.08255680766501602
28.812180000000012,-17.169138999999973,-89.322767,-0.08256105030414299,-0.7022706196619785,0.7022706196619786,-0.08255680766501602
29.705044000000044,-17.240251,-90.238386,-0.08256040591465316,-0.7022697389283048,0.7022711531424214,-0.08256040591465316
29.705044000000044,-17.240251,-90.238386,-0.08256040591465316,-0.7022697389283048,0.7022711531424214,-0.08256040591465316
30.59232899999995,-17.314786000000026,-91.157146,-0.08256040591469442,-0.7022704460357141,0.7022704460357142,-0.08256040591469442
30.59232899999995,-17.314786000000026,-91.157146,-0.08256040591469442,-0.7022704460357141,0.7022704460357142,-0.08256040591469442
31.225344999999948,-17.586570999999992,-92.359438,-0.08256040591469442,-0.7022704460357141,0.7022704460357142,-0.08256040591469442
31.225344999999948,-17.586570999999992,-92.359438,-0.08256040591469442,-0.7022704460357141,0.7022704460357142,-0.08256040591469442
31.85503200000005,-17.85925800000001,-93.564156,-0.08256040591469442,-0.7022704460357141,0.7022704460357142,-0.08256040591469442
31.85503200000005,-17.85925800000001,-93.564156,-0.08256040591469442,-0.7022704460357141,0.7022704460357142,-0.08256040591469442
32.21121900000003,-18.077443000000017,-95.10353,-0.08256040591469442,-0.7022704460357141,0.7022704460357142,-0.08256040591469442
32.21121900000003,-18.077443000000017,-95.10353,-0.08256040591469442,-0.7022704460357141,0.7022704460357142,-0.08256040591469442
32.563684999999964,-18.29564499999998,-96.643813,-0.08256040591469442,-0.7022704460357141,0.7022704460357142,-0.08256040591469442
32.563684999999964,-18.29564499999998,-96.643813,-0.08256040591469442,-0.7022704460357141,0.7022704460357142,-0.08256040591469442
32.731862999999976,-18.455952000000025,-97.806279,-0.08256040591469442,-0.7022704460357141,0.7022704460357142,-0.08256040591469442
32.731862999999976,-18.455952000000025,-97.806279,-0.08256040591469442,-0.7022704460357141,0.7022704460357142,-0.08256040591469442
32.897846999999956,-18.616364999999973,-98.969513,-0.08256040591469442,-0.7022704460357141,0.7022704460357142,-0.08256040591469442
32.897846999999956,-18.616364999999973,-98.969513,-0.08256040591469442,-0.7022704460357141,0.7022704460357142,-0.08256040591469442
32.85983599999997,-18.769720000000007,-99.837415,-0.08256040591469442,-0.7022704460357141,0.7022704460357142,-0.08256040591469442
32.85983599999997,-18.769720000000007,-99.837415,-0.08256040591469442,-0.7022704460357141,0.7022704460357142,-0.08256040591469442
32.81996800000002,-18.923273999999992,-100.704822,-0.08256040591469442,-0.7022704460357141,0.7022704460357142,-0.08256040591469442
32.81996800000002,-18.923273999999992,-100.704822,-0.08256040591469442,-0.7022704460357141,0.7022704460357142,-0.08256040591469442
32.57497999999998,-19.065696000000003,-101.353404,-0.08256040591469442,-0.7022704460357141,0.7022704460357142,-0.08256040591469442
32.57497999999998,-19.065696000000003,-101.353404,-0.08256040591469442,-0.7022704460357141,0.7022704460357142,-0.08256040591469442
32.32764199999997,-19.208864000000005,-102.001238,-0.08256040591469442,-0.7022704460357141,0.7022704460357142,-0.08256040591469442
32.32764199999997,-19.208864000000005,-102.001238,-0.08256040591469442,-0.7022704460357141,0.7022704460357142,-0.08256040591469442
31.88987599999996,-19.32782900000001,-102.485821,-0.08256039627501814,-0.7022703640392693,0.7022703640392692,-0.08256181048896964
31.88987599999996,-19.32782900000001,-102.485821,-0.08256039627501814,-0.7022703640392693,0.7022703640392692,-0.08256181048896964
31.448767999999973,-19.448500000000024,-102.96967,-0.08256040591469442,-0.7022704460357141,0.7022704460357142,-0.08256040591469442
31.448767999999973,-19.448500000000024,-102.96967,-0.08256040591469442,-0.7022704460357141,0.7022704460357142,-0.08256040591469442
30.84438899999998,-19.631343000000015,-103.309967,-0.08256039627501814,-0.7022703640392693,0.7022703640392692,-0.08256181048896964
30.84438899999998,-19.631343000000015,-103.309967,-0.08256039627501814,-0.7022703640392693,0.7022703640392692,-0.08256181048896964
30.234947000000034,-19.81685299999998,-103.649612,-0.08256040591469442,-0.7022704460357141,0.7022704460357142,-0.08256040591469442
30.234947000000034,-19.81685299999998,-103.649612,-0.08256040591469442,-0.7022704460357141,0.7022704460357142,-0.08256040591469442
29.47794799999997,-19.922717999999975,-103.909882,-0.08255968916787725,-0.7022696569308889,0.7022710711448406,-0.08256251759578025
29.47794799999997,-19.922717999999975,-103.909882,-0.08255968916787725,-0.7022696569308889,0.7022710711448406,-0.08256251759578025
28.714827000000014,-20.032430999999974,-104.169679,-0.08256040591469442,-0.7022704460357141,0.7022704460357142,-0.08256040591469442
28.714827000000014,-20.032430999999974,-104.169679,-0.08256040591469442,-0.7022704460357141,0.7022704460357142,-0.08256040591469442
27.83440399999995,-20.172785999999974,-104.346222,-0.08255968916787725,-0.7022696569308889,0.7022710711448406,-0.08256251759578025
27.83440399999995,-20.172785999999974,-104.346222,-0.08255968916787725,-0.7022696569308889,0.7022710711448406,-0.08256251759578025
26.946222000000034,-20.31804699999998,-104.522533,-0.08256040591469442,-0.7022704460357141,0.7022704460357142,-0.08256040591469442
26.946222000000034,-20.31804699999998,-104.522533,-0.08256040591469442,-0.7022704460357141,0.7022704460357142,-0.08256040591469442
25.953859999999963,-20.414124000000015,-104.651931,-0.08256038663501497,-0.7022688678262577,0.7022716962538303,-0.08256321506258772
25.953859999999963,-20.414124000000015,-104.651931,-0.08256038663501497,-0.7022688678262577,0.7022716962538303,-0.08256321506258772
24.952785999999946,-20.516080999999986,-104.781344,-0.08256040591469442,-0.7022704460357141,0.7022704460357142,-0.08256040591469442
24.952785999999946,-20.516080999999986,-104.781344,-0.08256040591469442,-0.7022704460357141,0.7022704460357142,-0.08256040591469442
23.852062000000046,-20.53196200000002,-104.887878,-0.08256039627497683,-0.7022696569319424,0.7022710711458938,-0.08256181048892834
23.852062000000046,-20.53196200000002,-104.887878,-0.08256039627497683,-0.7022696569319424,0.7022710711458938,-0.08256181048892834
22.742542999999955,-20.554838000000018,-104.994577,0.08256175741021006,0.7022720338711583,-0.7022692054450738,0.08255610055804082
22.742542999999955,-20.554838000000018,-104.994577,0.08256175741021006,0.7022720338711583,-0.7022692054450738,0.08255610055804082
21.56824400000005,-20.617567000000008,-105.05311,-0.08256040591469442,-0.7022704460357141,0.7022704460357142,-0.08256040591469442
21.56824400000005,-20.617567000000008,-105.05311,-0.08256040591469442,-0.7022704460357141,0.7022704460357142,-0.08256040591469442
20.38321099999996,-20.688056000000017,-105.112124,0.08256105030397784,0.7022720338736163,-0.7022692054475316,0.08255680766485089
20.38321099999996,-20.688056000000017,-105.112124,0.08256105030397784,0.7022720338736163,-0.7022692054475316,0.08255680766485089
19.134862999999996,-20.670556999999974,-105.168001,-0.08256040591469442,-0.7022704460357141,0.7022704460357142,-0.08256040591469442
19.134862999999996,-20.670556999999974,-105.168001,-0.08256040591469442,-0.7022704460357141,0.7022704460357142,-0.08256040591469442
17.87599399999999,-20.661676999999997,-105.224466,0.08256105030377145,0.7022727409783818,-0.7022684983392546,0.08255680766464452
17.87599399999999,-20.661676999999997,-105.224466,0.08256105030377145,0.7022727409783818,-0.7022684983392546,0.08255680766464452
16.568255000000022,-20.716115000000002,-105.239387,-0.08256039627501814,-0.7022703640392693,0.7022703640392692,-0.08256181048896964
16.568255000000022,-20.716115000000002,-105.239387,-0.08256039627501814,-0.7022703640392693,0.7022703640392692,-0.08256181048896964
15.248872000000006,-20.77968199999998,-105.25519,0.08256105030377145,0.7022727409783818,-0.7022684983392546,0.08255680766464452
15.248872000000006,-20.77968199999998,-105.25519,0.08256105030377145,0.7022727409783818,-0.7022684983392546,0.08255680766464452
13.894503999999984,-20.672300000000007,-105.302252,-0.08256040591465316,-0.7022697389283048,0.7022711531424214,-0.08256040591465316
13.894503999999984,-20.672300000000007,-105.302252,-0.08256040591465316,-0.7022697389283048,0.7022711531424214,-0.08256040591465316
12.528949000000011,-20.574538000000018,-105.350178,0.08256105030377145,0.7022727409783818,-0.7022684983392546,0.08255680766464452
12.528949000000011,-20.574538000000018,-105.350178,0.08256105030377145,0.7022727409783818,-0.7022684983392546,0.08255680766464452
11.136973000000012,-20.496348000000012,-105.377998,-0.08255968916775341,-0.7022689498228599,0.7022717782507628,-0.08256251759565644
11.136973000000012,-20.496348000000012,-105.377998,-0.08255968916775341,-0.7022689498228599,0.7022717782507628,-0.08256251759565644
9.73330599999997,-20.42820499999999,-105.406808,-0.08256040591469442,-0.7022704460357141,0.7022704460357142,-0.08256040591469442
9.73330599999997,-20.42820499999999,-105.406808,-0.08256040591469442,-0.7022704460357141,0.7022704460357142,-0.08256040591469442
8.310832000000005,-20.34369099999998,-105.428949,-0.08255966988742022,-0.7022673716069334,0.7022730284614183,-0.08256532674190518
8.310832000000005,-20.34369099999998,-105.428949,-0.08255966988742022,-0.7022673716069334,0.7022730284614183,-0.08256532674190518
6.876580999999987,-20.269521999999995,-105.452167,-0.08256040591469442,-0.7022704460357141,0.7022704460357142,-0.08256040591469442
6.876580999999987,-20.269521999999995,-105.452167,-0.08256040591469442,-0.7022704460357141,0.7022704460357142,-0.08256040591469442
5.435992000000056,-20.180705999999986,-105.469597,-0.08255966988742022,-0.7022673716069334,0.7022730284614183,-0.08256532674190518
5.435992000000056,-20.180705999999986,-105.469597,-0.08255966988742022,-0.7022673716069334,0.7022730284614183,-0.08256532674190518
3.9842539999999644,-20.102370000000008,-105.488161,-0.08256040591469442,-0.7022704460357141,0.7022704460357142,-0.08256040591469442
3.9842539999999644,-20.102370000000008,-105.488161,-0.08256040591469442,-0.7022704460357141,0.7022704460357142,-0.08256040591469442
2.537826999999993,-19.984792000000027,-105.516323,-0.08255897242023787,-0.7022674536040441,0.7022731104591895,-0.08256462927538331
2.537826999999993,-19.984792000000027,-105.516323,-0.08255897242023787,-0.7022674536040441,0.7022731104591895,-0.08256462927538331
1.0805430000000342,-19.877624000000026,-105.545588,-0.08256040591469442,-0.7022704460357141,0.7022704460357142,-0.08256040591469442
1.0805430000000342,-19.877624000000026,-105.545588,-0.08256040591469442,-0.7022704460357141,0.7022704460357142,-0.08256040591469442
-0.35959200000002056,-19.719070999999985,-105.589371,-0.08255897242023787,-0.7022674536040441,0.7022731104591895,-0.08256462927538331
-0.35959200000002056,-19.719070999999985,-105.589371,-0.08255897242023787,-0.7022674536040441,0.7022731104591895,-0.08256462927538331
-1.8100349999999708,-19.570758000000012,-105.63415,-0.08256040591469442,-0.7022704460357141,0.7022704460357142,-0.08256040591469442
-1.8100349999999708,-19.570758000000012,-105.63415,-0.08256040591469442,-0.7022704460357141,0.7022704460357142,-0.08256040591469442
-3.2470650000000205,-19.429036999999994,-105.671977,-0.08255897242023787,-0.7022674536040441,0.7022731104591895,-0.08256462927538331
-3.2470650000000205,-19.429036999999994,-105.671977,-0.08255897242023787,-0.7022674536040441,0.7022731104591895,-0.08256462927538331
-4.693888000000015,-19.297491999999977,-105.710845,-0.08256040591469442,-0.7022704460357141,0.7022704460357142,-0.08256040591469442
-4.693888000000015,-19.297491999999977,-105.710845,-0.08256040591469442,-0.7022704460357141,0.7022704460357142,-0.08256040591469442
-6.165227999999956,-19.190971999999988,-105.789017,-0.08255897242023787,-0.7022674536040441,0.7022731104591895,-0.08256462927538331
-6.165227999999956,-19.190971999999988,-105.789017,-0.08255897242023787,-0.7022674536040441,0.7022731104591895,-0.08256462927538331
-7.64706000000001,-19.095145000000002,-105.868202,-0.08256040591469442,-0.7022704460357141,0.7022704460357142,-0.08256040591469442
-7.64706000000001,-19.095145000000002,-105.868202,-0.08256040591469442,-0.7022704460357141,0.7022704460357142,-0.08256040591469442
-9.071937000000048,-19.017796999999973,-106.077042,-0.08255897242023787,-0.7022674536040441,0.7022731104591895,-0.08256462927538331
-9.071937000000048,-19.017796999999973,-106.077042,-0.08255897242023787,-0.7022674536040441,0.7022731104591895,-0.08256462927538331
-10.506647000000044,-18.950801000000013,-106.286279,-0.08256040591469442,-0.7022704460357141,0.7022704460357142,-0.08256040591469442
-10.506647000000044,-18.950801000000013,-106.286279,-0.08256040591469442,-0.7022704460357141,0.7022704460357142,-0.08256040591469442
-11.833760999999981,-19.004231000000004,-106.665896,-0.08255967952770896,-0.7022681607158531,0.7022724033572121,-0.08256392216906808
-11.833760999999981,-19.004231000000004,-106.665896,-0.08255967952770896,-0.7022681607158531,0.7022724033572121,-0.08256392216906808
-13.170204000000012,-19.066943999999978,-107.045093,-0.08256040591469442,-0.7022704460357141,0.7022704460357142,-0.08256040591469442
-13.170204000000012,-19.066943999999978,-107.045093,-0.08256040591469442,-0.7022704460357141,0.7022704460357142,-0.08256040591469442
-14.354848999999945,-19.15451999999999,-107.668831,-0.08255967952770896,-0.7022681607158531,0.7022724033572121,-0.08256392216906808
-14.354848999999945,-19.15451999999999,-107.668831,-0.08255967952770896,-0.7022681607158531,0.7022724033572121,-0.08256392216906808
-15.547509999999988,-19.249972000000014,-108.290875,-0.08256040591469442,-0.7022704460357141,0.7022704460357142,-0.08256040591469442
-15.547509999999988,-19.249972000000014,-108.290875,-0.08256040591469442,-0.7022704460357141,0.7022704460357142,-0.08256040591469442
-16.554883000000018,-19.49533600000001,-109.163818,-0.08255967952791536,-0.7022688678245019,0.7022716962520748,-0.0825639221692745
-16.554883000000018,-19.49533600000001,-109.163818,-0.08255967952791536,-0.7022688678245019,0.7022716962520748,-0.0825639221692745
-17.570341999999982,-19.746826,-110.034669,-0.08256040591469442,-0.7022704460357141,0.7022704460357142,-0.08256040591469442
-17.570341999999982,-19.746826,-110.034669,-0.08256040591469442,-0.7022704460357141,0.7022704460357142,-0.08256040591469442
-18.37872900000002,-19.966242000000022,-111.23214,-0.08255968916787725,-0.7022696569308889,0.7022710711448406,-0.08256251759578025
-18.37872900000002,-19.966242000000022,-111.23214,-0.08255968916787725,-0.7022696569308889,0.7022710711448406,-0.08256251759578025
-19.194650000000024,-20.19034799999997,-112.427179,-0.08256040591469442,-0.7022704460357141,0.7022704460357142,-0.08256040591469442
-19.194650000000024,-20.19034799999997,-112.427179,-0.08256040591469442,-0.7022704460357141,0.7022704460357142,-0.08256040591469442
-19.780433000000016,-20.539039000000002,-113.931735,-0.08256039627497683,-0.7022696569319424,0.7022710711458938,-0.08256181048892834
-19.780433000000016,-20.539039000000002,-113.931735,-0.08256039627497683,-0.7022696569319424,0.7022710711458938,-0.08256181048892834
-20.37389900000005,-20.89052700000002,-115.432925,-0.08256040591469442,-0.7022704460357141,0.7022704460357142,-0.08256040591469442
-20.37389900000005,-20.89052700000002,-115.432925,-0.08256040591469442,-0.7022704460357141,0.7022704460357142,-0.08256040591469442
-20.720433999999955,-21.057379000000026,-116.582406,-0.08256040591469442,-0.7022704460357141,0.7022704460357142,-0.08256040591469442
-20.720433999999955,-21.057379000000026,-116.582406,-0.08256040591469442,-0.7022704460357141,0.7022704460357142,-0.08256040591469442
-21.070343999999977,-21.225347,-117.730226,-0.08256040591469442,-0.7022704460357141,0.7022704460357142,-0.08256040591469442
-21.070343999999977,-21.225347,-117.730226,-0.08256040591469442,-0.7022704460357141,0.7022704460357142,-0.08256040591469442
-21.15871400000003,-21.353080999999975,-118.592886,-0.08256040591469442,-0.7022704460357141,0.7022704460357142,-0.08256040591469442
-21.15871400000003,-21.353080999999975,-118.592886,-0.08256040591469442,-0.7022704460357141,0.7022704460357142,-0.08256040591469442
-21.248352999999952,-21.481033000000025,-119.455143,-0.08256040591469442,-0.7022704460357141,0.7022704460357142,-0.08256040591469442
-21.248352999999952,-21.481033000000025,-119.455143,-0.08256040591469442,-0.7022704460357141,0.7022704460357142,-0.08256040591469442
-21.087030000000027,-21.616152999999997,-120.097568,-0.08256040591469442,-0.7022704460357141,0.7022704460357142,-0.08256040591469442
-21.087030000000027,-21.616152999999997,-120.097568,-0.08256040591469442,-0.7022704460357141,0.7022704460357142,-0.08256040591469442
-20.926153999999997,-21.751244999999983,-120.740095,-0.08256040591469442,-0.7022704460357141,0.7022704460357142,-0.08256040591469442
-20.926153999999997,-21.751244999999983,-120.740095,-0.08256040591469442,-0.7022704460357141,0.7022704460357142,-0.08256040591469442
-20.534704000000033,-21.830558999999994,-121.2293,-0.08256040591469442,-0.7022704460357141,0.7022704460357142,-0.08256040591469442
-20.534704000000033,-21.830558999999994,-121.2293,-0.08256040591469442,-0.7022704460357141,0.7022704460357142,-0.08256040591469442
-20.143777999999998,-21.910391000000004,-121.719009,-0.08256040591469442,-0.7022704460357141,0.7022704460357142,-0.08256040591469442
-20.143777999999998,-21.910391000000004,-121.719009,-0.08256040591469442,-0.7022704460357141,0.7022704460357142,-0.08256040591469442
-19.549421000000052,-21.991985,-122.085802,-0.08256040591465316,-0.7022697389283048,0.7022711531424214,-0.08256040591465316
-19.549421000000052,-21.991985,-122.085802,-0.08256040591465316,-0.7022697389283048,0.7022711531424214,-0.08256040591465316
-18.956270000000018,-22.075011000000018,-122.453249,-0.08256040591469442,-0.7022704460357141,0.7022704460357142,-0.08256040591469442
-18.956270000000018,-22.075011000000018,-122.453249,-0.08256040591469442,-0.7022704460357141,0.7022704460357142,-0.08256040591469442
-18.18777,-22.18888199999998,-122.723363,-0.08256039627497683,-0.7022696569319424,0.7022710711458938,-0.08256181048892834
-18.18777,-22.18888199999998,-122.723363,-0.08256039627497683,-0.7022696569319424,0.7022710711458938,-0.08256181048892834
-17.421295999999984,-22.305204000000003,-122.994241,-0.08256040591469442,-0.7022704460357141,0.7022704460357142,-0.08256040591469442
-17.421295999999984,-22.305204000000003,-122.994241,-0.08256040591469442,-0.7022704460357141,0.7022704460357142,-0.08256040591469442
-16.497176999999965,-22.364927000000023,-123.206807,-0.08256039627497683,-0.7022696569319424,0.7022710711458938,-0.08256181048892834
-16.497176999999965,-22.364927000000023,-123.206807,-0.08256039627497683,-0.7022696569319424,0.7022710711458938,-0.08256181048892834
-15.57618500000001,-22.428539999999998,-123.420248,-0.08256040591469442,-0.7022704460357141,0.7022704460357142,-0.08256040591469442
-15.57618500000001,-22.428539999999998,-123.420248,-0.08256040591469442,-0.7022704460357141,0.7022704460357142,-0.08256040591469442
-14.536907000000042,-22.594584999999995,-123.561457,-0.08255968916775341,-0.7022689498228599,0.7022717782507628,-0.08256251759565644
-14.536907000000042,-22.594584999999995,-123.561457,-0.08255968916775341,-0.7022689498228599,0.7022717782507628,-0.08256251759565644
-13.501479000000018,-22.76546300000001,-123.703461,-0.08256040591469442,-0.7022704460357141,0.7022704460357142,-0.08256040591469442
-13.501479000000018,-22.76546300000001,-123.703461,-0.08256040591469442,-0.7022704460357141,0.7022704460357142,-0.08256040591469442
-12.35929299999998,-22.91819700000002,-123.808444,-0.08255968916775341,-0.7022689498228599,0.7022717782507628,-0.08256251759565644
-12.35929299999998,-22.91819700000002,-123.808444,-0.08255968916775341,-0.7022689498228599,0.7022717782507628,-0.08256251759565644
-11.222057999999947,-23.07689499999998,-123.914237,-0.08256040591469442,-0.7022704460357141,0.7022704460357142,-0.08256040591469442
-11.222057999999947,-23.07689499999998,-123.914237,-0.08256040591469442,-0.7022704460357141,0.7022704460357142,-0.08256040591469442
-9.994404000000031,-23.24998199999999,-123.986314,-0.08256038663480855,-0.7022681607176088,0.7022724033589679,-0.0825632150623813
-9.994404000000031,-23.24998199999999,-123.986314,-0.08256038663480855,-0.7022681607176088,0.7022724033589679,-0.0825632150623813
-8.772584000000052,-23.43001700000002,-124.059196,-0.08256040591469442,-0.7022704460357141,0.7022704460357142,-0.08256040591469442
-8.772584000000052,-23.43001700000002,-124.059196,-0.08256040591469442,-0.7022704460357141,0.7022704460357142,-0.08256040591469442
-7.474872000000005,-23.611986,-124.108475,-0.08255967952770896,-0.7022681607158531,0.7022724033572121,-0.08256392216906808
-7.474872000000005,-23.611986,-124.108475,-0.08255967952770896,-0.7022681607158531,0.7022724033572121,-0.08256392216906808
-6.184006999999951,-23.801845000000014,-124.15854,-0.08256040591469442,-0.7022704460357141,0.7022704460357142,-0.08256040591469442
-6.184006999999951,-23.801845000000014,-124.15854,-0.08256040591469442,-0.7022704460357141,0.7022704460357142,-0.08256040591469442
-4.849681000000032,-24.064796,-124.170609,-0.08255967952770896,-0.7022681607158531,0.7022724033572121,-0.08256392216906808
-4.849681000000032,-24.064796,-124.170609,-0.08255967952770896,-0.7022681607158531,0.7022724033572121,-0.08256392216906808
-3.5223479999999654,-24.336000000000013,-124.183387,-0.08256040591469442,-0.7022704460357141,0.7022704460357142,-0.08256040591469442
-3.5223479999999654,-24.336000000000013,-124.183387,-0.08256040591469442,-0.7022704460357141,0.7022704460357142,-0.08256040591469442
-2.139124000000038,-24.56470200000001,-124.192138,-0.08255967952742002,-0.702267453606502,0.7022731104616474,-0.08256392216877911
-2.139124000000038,-24.56470200000001,-124.192138,-0.08255967952742002,-0.702267453606502,0.7022731104616474,-0.08256392216877911
-0.7636700000000474,-24.802444999999977,-124.201654,-0.08256040591469442,-0.7022704460357141,0.7022704460357142,-0.08256040591469442
-0.7636700000000474,-24.802444999999977,-124.201654,-0.08256040591469442,-0.7022704460357141,0.7022704460357142,-0.08256040591469442
0.6500429999999824,-25.040014999999983,-124.197846,-0.08255967952742002,-0.702267453606502,0.7022731104616474,-0.08256392216877911
0.6500429999999824,-25.040014999999983,-124.197846,-0.08255967952742002,-0.702267453606502,0.7022731104616474,-0.08256392216877911
2.0555709999999863,-25.287087999999983,-124.194816,-0.08256040591469442,-0.7022704460357141,0.7022704460357142,-0.08256040591469442
2.0555709999999863,-25.287087999999983,-124.194816,-0.08256040591469442,-0.7022704460357141,0.7022704460357142,-0.08256040591469442
3.5024680000000217,-25.470528,-124.198841,-0.08255897242023787,-0.7022674536040441,0.7022731104591895,-0.08256462927538331
3.5024680000000217,-25.470528,-124.198841,-0.08255897242023787,-0.7022674536040441,0.7022731104591895,-0.08256462927538331
4.940026999999986,-25.66403200000002,-124.203718,-0.08256040591469442,-0.7022704460357141,0.7022704460357142,-0.08256040591469442
4.940026999999986,-25.66403200000002,-124.203718,-0.08256040591469442,-0.7022704460357141,0.7022704460357142,-0.08256040591469442
6.4018820000000005,-25.849445000000003,-124.199773,-0.08255897242023787,-0.7022674536040441,0.7022731104591895,-0.08256462927538331
6.4018820000000005,-25.849445000000003,-124.199773,-0.08255897242023787,-0.7022674536040441,0.7022731104591895,-0.08256462927538331
7.853346999999985,-26.044985999999994,-124.196712,-0.08256040591469442,-0.7022704460357141,0.7022704460357142,-0.08256040591469442
7.853346999999985,-26.044985999999994,-124.196712,-0.08256040591469442,-0.7022704460357141,0.7022704460357142,-0.08256040591469442
9.345037000000048,-26.085105,-124.22565,-0.08255966988742022,-0.7022673716069334,0.7022730284614183,-0.08256532674190518
9.345037000000048,-26.085105,-124.22565,-0.08255966988742022,-0.7022673716069334,0.7022730284614183,-0.08256532674190518
10.824383000000012,-26.136150999999984,-124.255577,-0.08256040591469442,-0.7022704460357141,0.7022704460357142,-0.08256040591469442
10.824383000000012,-26.136150999999984,-124.255577,-0.08256040591469442,-0.7022704460357141,0.7022704460357142,-0.08256040591469442
12.322223000000008,-26.145076000000017,-124.287286,-0.08255966988742022,-0.7022673716069334,0.7022730284614183,-0.08256532674190518
12.322223000000008,-26.145076000000017,-124.287286,-0.08255966988742022,-0.7022673716069334,0.7022730284614183,-0.08256532674190518
13.806950000000029,-26.165208000000007,-124.319962,-0.08256040591469442,-0.7022704460357141,0.7022704460357142,-0.08256040591469442
13.806950000000029,-26.165208000000007,-124.319962,-0.08256040591469442,-0.7022704460357141,0.7022704460357142,-0.08256040591469442
15.311300999999958,-26.166969999999992,-124.346436,-0.08255966988742022,-0.7022673716069334,0.7022730284614183,-0.08256532674190518
15.311300999999958,-26.166969999999992,-124.346436,-0.08255966988742022,-0.7022673716069334,0.7022730284614183,-0.08256532674190518
16.802194999999983,-26.18011200000001,-124.373932,-0.08256040591469442,-0.7022704460357141,0.7022704460357142,-0.08256040591469442
16.802194999999983,-26.18011200000001,-124.373932,-0.08256040591469442,-0.7022704460357141,0.7022704460357142,-0.08256040591469442
18.316032999999948,-26.102542000000028,-124.474798,-0.08255896278052705,-0.7022680787130418,0.7022723213539054,-0.08256603384863323
18.316032999999948,-26.102542000000028,-124.474798,-0.08255896278052705,-0.7022680787130418,0.7022723213539054,-0.08256603384863323
19.814885000000004,-26.036790999999994,-124.577008,-0.08256040591469442,-0.7022704460357141,0.7022704460357142,-0.08256040591469442
19.814885000000004,-26.036790999999994,-124.577008,-0.08256040591469442,-0.7022704460357141,0.7022704460357142,-0.08256040591469442
21.251507999999944,-25.980148999999983,-124.832408,-0.08255966988770917,-0.7022680787162019,0.7022723213570656,-0.08256532674219415
21.251507999999944,-25.980148999999983,-124.832408,-0.08255966988770917,-0.7022680787162019,0.7022723213570656,-0.08256532674219415
22.674529000000007,-25.934011999999996,-125.089806,-0.08256040591469442,-0.7022704460357141,0.7022704460357142,-0.08256040591469442
22.674529000000007,-25.934011999999996,-125.089806,-0.08256040591469442,-0.7022704460357141,0.7022704460357142,-0.08256040591469442
23.963156000000026,-25.86045200000001,-125.58672,-0.08255967952791536,-0.7022688678245019,0.7022716962520748,-0.0825639221692745
23.963156000000026,-25.86045200000001,-125.58672,-0.08255967952791536,-0.7022688678245019,0.7022716962520748,-0.0825639221692745
25.240034000000037,-25.795282999999984,-126.086155,-0.08256040591469442,-0.7022704460357141,0.7022704460357142,-0.08256040591469442
25.240034000000037,-25.795282999999984,-126.086155,-0.08256040591469442,-0.7022704460357141,0.7022704460357142,-0.08256040591469442
26.34045100000003,-25.813107000000002,-126.858036,-0.08256038663501497,-0.7022688678262577,0.7022716962538303,-0.08256321506258772
26.34045100000003,-25.813107000000002,-126.858036,-0.08256038663501497,-0.7022688678262577,0.7022716962538303,-0.08256321506258772
27.432560999999964,-25.836612000000002,-127.633065,-0.08256040591469442,-0.7022704460357141,0.7022704460357142,-0.08256040591469442
27.432560999999964,-25.836612000000002,-127.633065,-0.08256040591469442,-0.7022704460357141,0.7022704460357142,-0.08256040591469442
28.29744100000005,-25.890537999999992,-128.732614,-0.08256039627497683,-0.7022696569319424,0.7022710711458938,-0.08256181048892834
28.29744100000005,-25.890537999999992,-128.732614,-0.08256039627497683,-0.7022696569319424,0.7022710711458938,-0.08256181048892834
29.156555000000026,-25.947681999999986,-129.835535,-0.08256040591469442,-0.7022704460357141,0.7022704460357142,-0.08256040591469442
29.156555000000026,-25.947681999999986,-129.835535,-0.08256040591469442,-0.7022704460357141,0.7022704460357142,-0.08256040591469442
29.771695000000022,-26.115269000000012,-131.284878,-0.08256040591469442,-0.7022704460357141,0.7022704460357142,-0.08256040591469442
29.771695000000022,-26.115269000000012,-131.284878,-0.08256040591469442,-0.7022704460357141,0.7022704460357142,-0.08256040591469442
30.38235899999995,-26.284082000000012,-132.73727100000002,-0.08256040591469442,-0.7022704460357141,0.7022704460357142,-0.08256040591469442
30.38235899999995,-26.284082000000012,-132.73727100000002,-0.08256040591469442,-0.7022704460357141,0.7022704460357142,-0.08256040591469442
30.714608,-26.502128000000027,-134.567997,-0.08256040591469442,-0.7022704460357141,0.7022704460357142,-0.08256040591469442
30.714608,-26.502128000000027,-134.567997,-0.08256040591469442,-0.7022704460357141,0.7022704460357142,-0.08256040591469442
31.04162299999996,-26.720272000000023,-136.399555,-0.08256040591469442,-0.7022704460357141,0.7022704460357142,-0.08256040591469442
31.04162299999996,-26.720272000000023,-136.399555,-0.08256040591469442,-0.7022704460357141,0.7022704460357142,-0.08256040591469442
31.210357000000045,-26.93548199999998,-137.760464,-0.08256040591469442,-0.7022704460357141,0.7022704460357142,-0.08256040591469442
31.210357000000045,-26.93548199999998,-137.760464,-0.08256040591469442,-0.7022704460357141,0.7022704460357142,-0.08256040591469442
31.37605499999995,-27.150667,-139.121477,-0.08256040591469442,-0.7022704460357141,0.7022704460357142,-0.08256040591469442
31.37605499999995,-27.150667,-139.121477,-0.08256040591469442,-0.7022704460357141,0.7022704460357142,-0.08256040591469442
31.342510999999945,-27.33168599999999,-140.127511,-0.08256040591469442,-0.7022704460357141,0.7022704460357142,-0.08256040591469442
31.342510999999945,-27.33168599999999,-140.127511,-0.08256040591469442,-0.7022704460357141,0.7022704460357142,-0.08256040591469442
31.306884999999966,-27.51274699999999,-141.133057,-0.08256040591469442,-0.7022704460357141,0.7022704460357142,-0.08256040591469442
31.306884999999966,-27.51274699999999,-141.133057,-0.08256040591469442,-0.7022704460357141,0.7022704460357142,-0.08256040591469442
31.06396099999995,-27.61936300000002,-141.875073,-0.08256040591469442,-0.7022704460357141,0.7022704460357142,-0.08256040591469442
31.06396099999995,-27.61936300000002,-141.875073,-0.08256040591469442,-0.7022704460357141,0.7022704460357142,-0.08256040591469442
30.819064000000026,-27.72658899999999,-142.616488,-0.08256040591469442,-0.7022704460357141,0.7022704460357142,-0.08256040591469442
30.819064000000026,-27.72658899999999,-142.616488,-0.08256040591469442,-0.7022704460357141,0.7022704460357142,-0.08256040591469442
30.40932799999996,-27.892098999999973,-143.14532,-0.08256039627501814,-0.7022703640392693,0.7022703640392692,-0.08256181048896964
30.40932799999996,-27.892098999999973,-143.14532,-0.08256039627501814,-0.7022703640392693,0.7022703640392692,-0.08256181048896964
29.996968000000038,-28.058791999999983,-143.673049,-0.08256040591469442,-0.7022704460357141,0.7022704460357142,-0.08256040591469442
29.996968000000038,-28.058791999999983,-143.673049,-0.08256040591469442,-0.7022704460357141,0.7022704460357142,-0.08256040591469442
29.427010999999993,-28.227565000000027,-144.04144,-0.08256039627501814,-0.7022703640392693,0.7022703640392692,-0.08256181048896964
29.427010999999993,-28.227565000000027,-144.04144,-0.08256039627501814,-0.7022703640392693,0.7022703640392692,-0.08256181048896964
28.853312999999957,-28.398376999999982,-144.408886,-0.08256040591469442,-0.7022704460357141,0.7022704460357142,-0.08256040591469442
28.853312999999957,-28.398376999999982,-144.408886,-0.08256040591469442,-0.7022704460357141,0.7022704460357142,-0.08256040591469442
28.12634700000001,-28.522363999999982,-144.655914,-0.08256039627497683,-0.7022696569319424,0.7022710711458938,-0.08256181048892834
28.12634700000001,-28.522363999999982,-144.655914,-0.08256039627497683,-0.7022696569319424,0.7022710711458938,-0.08256181048892834
27.39439100000004,-28.649617999999975,-144.902218,-0.08256040591469442,-0.7022704460357141,0.7022704460357142,-0.08256040591469442
27.39439100000004,-28.649617999999975,-144.902218,-0.08256040591469442,-0.7022704460357141,0.7022704460357142,-0.08256040591469442
26.563132999999993,-28.87771700000002,-145.035834,-0.08255968916787725,-0.7022696569308889,0.7022710711448406,-0.08256251759578025
26.563132999999993,-28.87771700000002,-145.035834,-0.08255968916787725,-0.7022696569308889,0.7022710711448406,-0.08256251759578025
25.725296999999955,-29.10995300000002,-145.16882900000002,-0.08256040591469442,-0.7022704460357141,0.7022704460357142,-0.08256040591469442
25.725296999999955,-29.10995300000002,-145.16882900000002,-0.08256040591469442,-0.7022704460357141,0.7022704460357142,-0.08256040591469442
24.788742999999954,-29.39575000000002,-145.21268700000002,-0.08256038663513879,-0.7022695749342043,0.7022709891479905,-0.08256321506271155
24.788742999999954,-29.39575000000002,-145.21268700000002,-0.08256038663513879,-0.7022695749342043,0.7022709891479905,-0.08256321506271155
23.84383200000002,-29.68649499999998,-145.256149,-0.08256040591469442,-0.7022704460357141,0.7022704460357142,-0.08256040591469442
23.84383200000002,-29.68649499999998,-145.256149,-0.08256040591469442,-0.7022704460357141,0.7022704460357142,-0.08256040591469442
22.773622000000046,-29.810962000000018,-145.263759,-0.08255967952803922,-0.7022695749324486,0.7022709891462349,-0.08256392216939835
22.773622000000046,-29.810962000000018,-145.263759,-0.08255967952803922,-0.7022695749324486,0.7022709891462349,-0.08256392216939835
21.694825000000037,-29.941823999999997,-145.271228,-0.08256040591469442,-0.7022704460357141,0.7022704460357142,-0.08256040591469442
21.694825000000037,-29.941823999999997,-145.271228,-0.08256040591469442,-0.7022704460357141,0.7022704460357142,-0.08256040591469442
20.570899000000054,-30.254862000000003,-145.192343,-0.08255967952803922,-0.7022695749324486,0.7022709891462349,-0.08256392216939835
20.570899000000054,-30.254862000000003,-145.192343,-0.08255967952803922,-0.7022695749324486,0.7022709891462349,-0.08256392216939835
19.436298999999963,-30.574686999999983,-145.113523,-0.08256040591469442,-0.7022704460357141,0.7022704460357142,-0.08256040591469442
19.436298999999963,-30.574686999999983,-145.113523,-0.08256040591469442,-0.7022704460357141,0.7022704460357142,-0.08256040591469442
18.21514400000001,-30.746207000000027,-145.025121,-0.08255967952791536,-0.7022688678245019,0.7022716962520748,-0.0825639221692745
18.21514400000001,-30.746207000000027,-145.025121,-0.08255967952791536,-0.7022688678245019,0.7022716962520748,-0.0825639221692745
16.98331900000005,-30.925360000000012,-144.93707799999999,-0.08256040591469442,-0.7022704460357141,0.7022704460357142,-0.08256040591469442
16.98331900000005,-30.925360000000012,-144.93707799999999,-0.08256040591469442,-0.7022704460357141,0.7022704460357142,-0.08256040591469442
15.687411999999995,-30.920409000000006,-144.854358,-0.08255967952770896,-0.7022681607158531,0.7022724033572121,-0.08256392216906808
15.687411999999995,-30.920409000000006,-144.854358,-0.08255967952770896,-0.7022681607158531,0.7022724033572121,-0.08256392216906808
14.381772999999953,-30.92398400000002,-144.772184,-0.08256040591469442,-0.7022704460357141,0.7022704460357142,-0.08256040591469442
14.381772999999953,-30.92398400000002,-144.772184,-0.08256040591469442,-0.7022704460357141,0.7022704460357142,-0.08256040591469442
13.041049000000044,-31.037220999999988,-144.635788,-0.0825589724207332,-0.7022688678220439,0.7022716962496167,-0.0825646292758787
13.041049000000044,-31.037220999999988,-144.635788,-0.0825589724207332,-0.7022688678220439,0.7022716962496167,-0.0825646292758787
11.689418000000046,-31.159211000000028,-144.500222,-0.08256040591469442,-0.7022704460357141,0.7022704460357142,-0.08256040591469442
11.689418000000046,-31.159211000000028,-144.500222,-0.08256040591469442,-0.7022704460357141,0.7022704460357142,-0.08256040591469442
10.301977999999963,-31.036996999999985,-144.399719,-0.08255897242052684,-0.7022681607133952,0.7022724033547543,-0.0825646292756723
10.301977999999963,-31.036996999999985,-144.399719,-0.08255897242052684,-0.7022681607133952,0.7022724033547543,-0.0825646292756723
8.904762000000005,-30.924098000000015,-144.300028,-0.08256040591469442,-0.7022704460357141,0.7022704460357142,-0.08256040591469442
8.904762000000005,-30.924098000000015,-144.300028,-0.08256040591469442,-0.7022704460357141,0.7022704460357142,-0.08256040591469442
7.4906089999999494,-30.778324999999995,-144.184237,-0.08255897242052684,-0.7022681607133952,0.7022724033547543,-0.0825646292756723
7.4906089999999494,-30.778324999999995,-144.184237,-0.08255897242052684,-0.7022681607133952,0.7022724033547543,-0.0825646292756723
6.066673000000037,-30.642052999999976,-144.069381,-0.08256040591469442,-0.7022704460357141,0.7022704460357142,-0.08256040591469442
6.066673000000037,-30.642052999999976,-144.069381,-0.08256040591469442,-0.7022704460357141,0.7022704460357142,-0.08256040591469442
4.622367000000054,-30.411148000000026,-143.96140400000002,-0.08255897242023787,-0.7022674536040441,0.7022731104591895,-0.08256462927538331
4.622367000000054,-30.411148000000026,-143.96140400000002,-0.08255897242023787,-0.7022674536040441,0.7022731104591895,-0.08256462927538331
3.169503999999961,-30.190103000000022,-143.85444,-0.08256040591469442,-0.7022704460357141,0.7022704460357142,-0.08256040591469442
3.169503999999961,-30.190103000000022,-143.85444,-0.08256040591469442,-0.7022704460357141,0.7022704460357142,-0.08256040591469442
1.7172610000000077,-29.84176500000001,-143.760636,-0.08255967952742002,-0.702267453606502,0.7022731104616474,-0.08256392216877911
1.7172610000000077,-29.84176500000001,-143.760636,-0.08255967952742002,-0.702267453606502,0.7022731104616474,-0.08256392216877911
0.2561789999999746,-29.50308799999999,-143.667696,-0.08256040591469442,-0.7022704460357141,0.7022704460357142,-0.08256040591469442
0.2561789999999746,-29.50308799999999,-143.667696,-0.08256040591469442,-0.7022704460357141,0.7022704460357142,-0.08256040591469442
-1.1810880000000452,-29.02996300000001,-143.583809,-0.08255967952742002,-0.702267453606502,0.7022731104616474,-0.08256392216877911
-1.1810880000000452,-29.02996300000001,-143.583809,-0.08255967952742002,-0.702267453606502,0.7022731104616474,-0.08256392216877911
-2.6256499999999505,-28.566370000000006,-143.500695,-0.08256040591469442,-0.7022704460357141,0.7022704460357142,-0.08256040591469442
-2.6256499999999505,-28.566370000000006,-143.500695,-0.08256040591469442,-0.7022704460357141,0.7022704460357142,-0.08256040591469442
-4.075248999999985,-28.080671999999993,-143.409788,-0.08255967952742002,-0.702267453606502,0.7022731104616474,-0.08256392216877911
-4.075248999999985,-28.080671999999993,-143.409788,-0.08255967952742002,-0.702267453606502,0.7022731104616474,-0.08256392216877911
-5.532214999999951,-27.60471799999999,-143.319703,-0.08256040591469442,-0.7022704460357141,0.7022704460357142,-0.08256040591469442
-5.532214999999951,-27.60471799999999,-143.319703,-0.08256040591469442,-0.7022704460357141,0.7022704460357142,-0.08256040591469442
-7.0277039999999715,-27.242008999999996,-143.27539000000002,-0.08255897242023787,-0.7022674536040441,0.7022731104591895,-0.08256462927538331
-7.0277039999999715,-27.242008999999996,-143.27539000000002,-0.08255897242023787,-0.7022674536040441,0.7022731104591895,-0.08256462927538331
-8.531668999999965,-26.88948799999997,-143.231894,-0.08256040591469442,-0.7022704460357141,0.7022704460357142,-0.08256040591469442
-8.531668999999965,-26.88948799999997,-143.231894,-0.08256040591469442,-0.7022704460357141,0.7022704460357142,-0.08256040591469442
-9.913896000000022,-26.43581599999999,-143.395448,-0.08255967952742002,-0.702267453606502,0.7022731104616474,-0.08256392216877911
-9.913896000000022,-26.43581599999999,-143.395448,-0.08255967952742002,-0.702267453606502,0.7022731104616474,-0.08256392216877911
-11.302836999999954,-25.99122699999998,-143.558842,-0.08256040591469442,-0.7022704460357141,0.7022704460357142,-0.08256040591469442
-11.302836999999954,-25.99122699999998,-143.558842,-0.08256040591469442,-0.7022704460357141,0.7022704460357142,-0.08256040591469442
-12.611170000000016,-25.71526399999999,-143.990681,-0.08255967952770896,-0.7022681607158531,0.7022724033572121,-0.08256392216906808
-12.611170000000016,-25.71526399999999,-143.990681,-0.08255967952770896,-0.7022681607158531,0.7022724033572121,-0.08256392216906808
-13.92710199999999,-25.447510000000023,-144.421603,-0.08256040591469442,-0.7022704460357141,0.7022704460357142,-0.08256040591469442
-13.92710199999999,-25.447510000000023,-144.421603,-0.08256040591469442,-0.7022704460357141,0.7022704460357142,-0.08256040591469442
-15.064642000000049,-25.194434,-145.209742,-0.08255968916754701,-0.7022682427141285,0.702272485355983,-0.08256251759545001
-15.064642000000049,-25.194434,-145.209742,-0.08255968916754701,-0.7022682427141285,0.702272485355983,-0.08256251759545001
-16.20856200000003,-24.948027000000025,-145.995622,-0.08256040591469442,-0.7022704460357141,0.7022704460357142,-0.08256040591469442
-16.20856200000003,-24.948027000000025,-145.995622,-0.08256040591469442,-0.7022704460357141,0.7022704460357142,-0.08256040591469442
-17.178725999999983,-24.852371000000005,-147.186115,-0.08255968916775341,-0.7022689498228599,0.7022717782507628,-0.08256251759565644
-17.178725999999983,-24.852371000000005,-147.186115,-0.08255968916775341,-0.7022689498228599,0.7022717782507628,-0.08256251759565644
-18.155152000000044,-24.76194099999998,-148.373065,-0.08256040591469442,-0.7022704460357141,0.7022704460357142,-0.08256040591469442
-18.155152000000044,-24.76194099999998,-148.373065,-0.08256040591469442,-0.7022704460357141,0.7022704460357142,-0.08256040591469442
-18.88959299999999,-24.674027000000024,-150.015883,-0.08256039627497683,-0.7022696569319424,0.7022710711458938,-0.08256181048892834
-18.88959299999999,-24.674027000000024,-150.015883,-0.08256039627497683,-0.7022696569319424,0.7022710711458938,-0.08256181048892834
-19.63081199999999,-24.589529000000027,-151.654447,-0.08256040591469442,-0.7022704460357141,0.7022704460357142,-0.08256040591469442
-19.63081199999999,-24.589529000000027,-151.654447,-0.08256040591469442,-0.7022704460357141,0.7022704460357142,-0.08256040591469442
-20.132676999999944,-24.594351000000017,-153.775688,-0.08255969880755355,-0.7022697389279536,0.7022711531420702,-0.08256111302167018
-20.132676999999944,-24.594351000000017,-153.775688,-0.08255969880755355,-0.7022697389279536,0.7022711531420702,-0.08256111302167018
-20.64308900000003,-24.601062000000013,-155.891479,-0.08256040591469442,-0.7022704460357141,0.7022704460357142,-0.08256040591469442
-20.64308900000003,-24.601062000000013,-155.891479,-0.08256040591469442,-0.7022704460357141,0.7022704460357142,-0.08256040591469442
-20.937344000000053,-24.627943000000016,-157.477023,-0.08256040591469442,-0.7022704460357141,0.7022704460357142,-0.08256040591469442
-20.937344000000053,-24.627943000000016,-157.477023,-0.08256040591469442,-0.7022704460357141,0.7022704460357142,-0.08256040591469442
-21.23615600000005,-24.65572400000002,-159.060716,-0.08256040591469442,-0.7022704460357141,0.7022704460357142,-0.08256040591469442
-21.23615600000005,-24.65572400000002,-159.060716,-0.08256040591469442,-0.7022704460357141,0.7022704460357142,-0.08256040591469442
-21.337940000000003,-24.839341999999988,-160.22519599999998,-0.08256040591469442,-0.7022704460357141,0.7022704460357142,-0.08256040591469442
-21.337940000000003,-24.839341999999988,-160.22519599999998,-0.08256040591469442,-0.7022704460357141,0.7022704460357142,-0.08256040591469442
-21.44203600000003,-25.023054000000002,-161.389121,-0.08256040591469442,-0.7022704460357141,0.7022704460357142,-0.08256040591469442
-21.44203600000003,-25.023054000000002,-161.389121,-0.08256040591469442,-0.7022704460357141,0.7022704460357142,-0.08256040591469442
-21.311901000000034,-25.140303000000017,-162.25537400000002,-0.08256040591469442,-0.7022704460357141,0.7022704460357142,-0.08256040591469442
-21.311901000000034,-25.140303000000017,-162.25537400000002,-0.08256040591469442,-0.7022704460357141,0.7022704460357142,-0.08256040591469442
-21.18278399999997,-25.257620999999972,-163.121658,-0.08256040591469442,-0.7022704460357141,0.7022704460357142,-0.08256040591469442
-21.18278399999997,-25.257620999999972,-163.121658,-0.08256040591469442,-0.7022704460357141,0.7022704460357142,-0.08256040591469442
-20.852153000000044,-25.416203999999993,-163.747465,-0.08256040591469442,-0.7022704460357141,0.7022704460357142,-0.08256040591469442
-20.852153000000044,-25.416203999999993,-163.747465,-0.08256040591469442,-0.7022704460357141,0.7022704460357142,-0.08256040591469442
-20.522108000000003,-25.575233000000026,-164.374011,-0.08256040591469442,-0.7022704460357141,0.7022704460357142,-0.08256040591469442
-20.522108000000003,-25.575233000000026,-164.374011,-0.08256040591469442,-0.7022704460357141,0.7022704460357142,-0.08256040591469442
-19.99502099999995,-25.69959,-164.824009,-0.08256040591465316,-0.7022697389283048,0.7022711531424214,-0.08256040591465316
-19.99502099999995,-25.69959,-164.824009,-0.08256040591465316,-0.7022697389283048,0.7022711531424214,-0.08256040591465316
-19.46871699999997,-25.825263000000007,-165.274742,-0.08256040591469442,-0.7022704460357141,0.7022704460357142,-0.08256040591469442
-19.46871699999997,-25.825263000000007,-165.274742,-0.08256040591469442,-0.7022704460357141,0.7022704460357142,-0.08256040591469442
-18.795102000000043,-26.039897999999994,-165.570729,-0.08256040591465316,-0.7022697389283048,0.7022711531424214,-0.08256040591465316
-18.795102000000043,-26.039897999999994,-165.570729,-0.08256040591465316,-0.7022697389283048,0.7022711531424214,-0.08256040591465316
-18.122347999999988,-26.256699000000026,-165.86737399999998,-0.08256040591469442,-0.7022704460357141,0.7022704460357142,-0.08256040591469442
-18.122347999999988,-26.256699000000026,-165.86737399999998,-0.08256040591469442,-0.7022704460357141,0.7022704460357142,-0.08256040591469442
-17.30654400000003,-26.505582000000004,-166.051279,-0.08255969880755355,-0.7022697389279536,0.7022711531420702,-0.08256111302167018
-17.30654400000003,-26.505582000000004,-166.051279,-0.08255969880755355,-0.7022697389279536,0.7022711531420702,-0.08256111302167018
-16.492647000000034,-26.757394999999974,-166.2355,-0.08256040591469442,-0.7022704460357141,0.7022704460357142,-0.08256040591469442
-16.492647000000034,-26.757394999999974,-166.2355,-0.08256040591469442,-0.7022704460357141,0.7022704460357142,-0.08256040591469442
-15.529412999999977,-26.963454000000013,-166.342612,-0.082560396274853,-0.7022689498239132,0.7022717782518163,-0.08256181048880448
-15.529412999999977,-26.963454000000013,-166.342612,-0.082560396274853,-0.7022689498239132,0.7022717782518163,-0.08256181048880448
-14.568551999999954,-27.17405100000002,-166.449958,-0.08256040591469442,-0.7022704460357141,0.7022704460357142,-0.08256040591469442
-14.568551999999954,-27.17405100000002,-166.449958,-0.08256040591469442,-0.7022704460357141,0.7022704460357142,-0.08256040591469442
-13.54637200000002,-27.547675000000027,-166.468299,-0.082560396274853,-0.7022689498239132,0.7022717782518163,-0.08256181048880448
-13.54637200000002,-27.547675000000027,-166.468299,-0.082560396274853,-0.7022689498239132,0.7022717782518163,-0.08256181048880448
-12.527248999999983,-27.926062,-166.486514,-0.08256040591469442,-0.7022704460357141,0.7022704460357142,-0.08256040591469442
-12.527248999999983,-27.926062,-166.486514,-0.08256040591469442,-0.7022704460357141,0.7022704460357142,-0.08256040591469442
-11.414792000000034,-28.307766000000015,-166.453658,-0.08255968916775341,-0.7022689498228599,0.7022717782507628,-0.08256251759565644
-11.414792000000034,-28.307766000000015,-166.453658,-0.08255968916775341,-0.7022689498228599,0.7022717782507628,-0.08256251759565644
-10.30572600000005,-28.695373000000018,-166.420502,-0.08256040591469442,-0.7022704460357141,0.7022704460357142,-0.08256040591469442
-10.30572600000005,-28.695373000000018,-166.420502,-0.08256040591469442,-0.7022704460357141,0.7022704460357142,-0.08256040591469442
-9.157999000000018,-29.169656999999972,-166.336861,-0.08255968916754701,-0.7022682427141285,0.702272485355983,-0.08256251759545001
-9.157999000000018,-29.169656999999972,-166.336861,-0.08255968916754701,-0.7022682427141285,0.702272485355983,-0.08256251759545001
-8.014309000000026,-29.649909999999977,-166.252747,-0.08256040591469442,-0.7022704460357141,0.7022704460357142,-0.08256040591469442
-8.014309000000026,-29.649909999999977,-166.252747,-0.08256040591469442,-0.7022704460357141,0.7022704460357142,-0.08256040591469442
-6.804785000000038,-30.087184999999977,-166.142678,-0.08255968916754701,-0.7022682427141285,0.702272485355983,-0.08256251759545001
-6.804785000000038,-30.087184999999977,-166.142678,-0.08255968916754701,-0.7022682427141285,0.702272485355983,-0.08256251759545001
-5.599849999999947,-30.531248000000005,-166.032047,-0.08256040591469442,-0.7022704460357141,0.7022704460357142,-0.08256040591469442
-5.599849999999947,-30.531248000000005,-166.032047,-0.08256040591469442,-0.7022704460357141,0.7022704460357142,-0.08256040591469442
-4.366364999999973,-30.955510000000004,-165.900901,-0.08255968916754701,-0.7022682427141285,0.702272485355983,-0.08256251759545001
-4.366364999999973,-30.955510000000004,-165.900901,-0.08255968916754701,-0.7022682427141285,0.702272485355983,-0.08256251759545001
-3.1377899999999954,-31.38686899999999,-165.769126,-0.08256040591469442,-0.7022704460357141,0.7022704460357142,-0.08256040591469442
-3.1377899999999954,-31.38686899999999,-165.769126,-0.08256040591469442,-0.7022704460357141,0.7022704460357142,-0.08256040591469442
-1.8996620000000348,-31.79938900000002,-165.626748,-0.08255968916754701,-0.7022682427141285,0.702272485355983,-0.08256251759545001
-1.8996620000000348,-31.79938900000002,-165.626748,-0.08255968916754701,-0.7022682427141285,0.702272485355983,-0.08256251759545001
-0.6661299999999528,-32.21920799999998,-165.483666,-0.08256040591469442,-0.7022704460357141,0.7022704460357142,-0.08256040591469442
-0.6661299999999528,-32.21920799999998,-165.483666,-0.08256040591469442,-0.7022704460357141,0.7022704460357142,-0.08256040591469442
0.5652350000000297,-32.56391100000002,-165.332085,-0.08255968916754701,-0.7022682427141285,0.702272485355983,-0.08256251759545001
0.5652350000000297,-32.56391100000002,-165.332085,-0.08255968916754701,-0.7022682427141285,0.702272485355983,-0.08256251759545001
1.7914809999999761,-32.915737999999976,-165.17983900000002,-0.08256040591469442,-0.7022704460357141,0.7022704460357142,-0.08256040591469442
1.7914809999999761,-32.915737999999976,-165.17983900000002,-0.08256040591469442,-0.7022704460357141,0.7022704460357142,-0.08256040591469442
3.0214939999999615,-33.12771300000003,-165.039645,-0.08255898206036487,-0.7022682427123728,0.7022724853542273,-0.08256322470221936
3.0214939999999615,-33.12771300000003,-165.039645,-0.08255898206036487,-0.7022682427123728,0.7022724853542273,-0.08256322470221936
4.244713000000047,-33.34683799999999,-164.89893,-0.08256040591469442,-0.7022704460357141,0.7022704460357142,-0.08256040591469442
4.244713000000047,-33.34683799999999,-164.89893,-0.08256040591469442,-0.7022704460357141,0.7022704460357142,-0.08256040591469442
5.414770999999973,-33.64259700000002,-164.745148,-0.08255968916754701,-0.7022682427141285,0.702272485355983,-0.08256251759545001
5.414770999999973,-33.64259700000002,-164.745148,-0.08255968916754701,-0.7022682427141285,0.702272485355983,-0.08256251759545001
6.578988999999979,-33.94447200000002,-164.590891,-0.08256040591469442,-0.7022704460357141,0.7022704460357142,-0.08256040591469442
6.578988999999979,-33.94447200000002,-164.590891,-0.08256040591469442,-0.7022704460357141,0.7022704460357142,-0.08256040591469442
7.744731000000002,-33.96413899999999,-164.469271,-0.08255967952791536,-0.7022688678245019,0.7022716962520748,-0.0825639221692745
7.744731000000002,-33.96413899999999,-164.469271,-0.08255967952791536,-0.7022688678245019,0.7022716962520748,-0.0825639221692745
8.903219000000036,-33.99034399999999,-164.347157,-0.08256040591469442,-0.7022704460357141,0.7022704460357142,-0.08256040591469442
8.903219000000036,-33.99034399999999,-164.347157,-0.08256040591469442,-0.7022704460357141,0.7022704460357142,-0.08256040591469442
10.034807,-33.99939699999999,-164.213782,-0.08256038663501497,-0.7022688678262577,0.7022716962538303,-0.08256321506258772
10.034807,-33.99939699999999,-164.213782,-0.08256038663501497,-0.7022688678262577,0.7022716962538303,-0.08256321506258772
11.159422999999947,-34.01473499999997,-164.079909,-0.08256040591469442,-0.7022704460357141,0.7022704460357142,-0.08256040591469442
11.159422999999947,-34.01473499999997,-164.079909,-0.08256040591469442,-0.7022704460357141,0.7022704460357142,-0.08256040591469442
12.390156000000047,-34.08000199999998,-163.967464,-0.08255967952791536,-0.7022688678245019,0.7022716962520748,-0.0825639221692745
12.390156000000047,-34.08000199999998,-163.967464,-0.08255967952791536,-0.7022688678245019,0.7022716962520748,-0.0825639221692745
13.612649000000033,-34.15242599999999,-163.8547,-0.08256040591469442,-0.7022704460357141,0.7022704460357142,-0.08256040591469442
13.612649000000033,-34.15242599999999,-163.8547,-0.08256040591469442,-0.7022704460357141,0.7022704460357142,-0.08256040591469442
14.87934800000005,-33.94747100000001,-163.925077,-0.08255967952791536,-0.7022688678245019,0.7022716962520748,-0.0825639221692745
14.87934800000005,-33.94747100000001,-163.925077,-0.08255967952791536,-0.7022688678245019,0.7022716962520748,-0.0825639221692745
16.13520900000003,-33.75066700000002,-163.995563,-0.08256040591469442,-0.7022704460357141,0.7022704460357142,-0.08256040591469442
16.13520900000003,-33.75066700000002,-163.995563,-0.08256040591469442,-0.7022704460357141,0.7022704460357142,-0.08256040591469442
17.416967999999997,-33.66561999999999,-164.303093,-0.08255967952791536,-0.7022688678245019,0.7022716962520748,-0.0825639221692745
17.416967999999997,-33.66561999999999,-164.303093,-0.08255967952791536,-0.7022688678245019,0.7022716962520748,-0.0825639221692745
18.68803600000001,-33.58855,-164.611796,-0.08256040591469442,-0.7022704460357141,0.7022704460357142,-0.08256040591469442
18.68803600000001,-33.58855,-164.611796,-0.08256040591469442,-0.7022704460357141,0.7022704460357142,-0.08256040591469442
19.88860199999999,-33.358329000000026,-165.266478,-0.08255967952803922,-0.7022695749324486,0.7022709891462349,-0.08256392216939835
19.88860199999999,-33.358329000000026,-165.266478,-0.08255967952803922,-0.7022695749324486,0.7022709891462349,-0.08256392216939835
21.07826399999999,-33.135290999999995,-165.923374,-0.08256040591469442,-0.7022704460357141,0.7022704460357142,-0.08256040591469442
21.07826399999999,-33.135290999999995,-165.923374,-0.08256040591469442,-0.7022704460357141,0.7022704460357142,-0.08256040591469442
22.186128000000053,-32.87928699999998,-166.95905199999999,-0.08255967952803922,-0.7022695749324486,0.7022709891462349,-0.08256392216939835
22.186128000000053,-32.87928699999998,-166.95905199999999,-0.08255967952803922,-0.7022695749324486,0.7022709891462349,-0.08256392216939835
23.283592999999996,-32.62948899999998,-167.99823,-0.08256040591469442,-0.7022704460357141,0.7022704460357142,-0.08256040591469442
23.283592999999996,-32.62948899999998,-167.99823,-0.08256040591469442,-0.7022704460357141,0.7022704460357142,-0.08256040591469442
24.336833999999953,-32.512114,-169.438615,-0.08256038663513879,-0.7022695749342043,0.7022709891479905,-0.08256321506271155
24.336833999999953,-32.512114,-169.438615,-0.08256038663513879,-0.7022695749342043,0.7022709891479905,-0.08256321506271155
25.380363999999986,-32.399967000000004,-170.884427,-0.08256040591469442,-0.7022704460357141,0.7022704460357142,-0.08256040591469442
25.380363999999986,-32.399967000000004,-170.884427,-0.08256040591469442,-0.7022704460357141,0.7022704460357142,-0.08256040591469442
26.29911400000003,-32.26251000000002,-172.774827,-0.08255968916787725,-0.7022696569308889,0.7022710711448406,-0.08256251759578025
26.29911400000003,-32.26251000000002,-172.774827,-0.08255968916787725,-0.7022696569308889,0.7022710711448406,-0.08256251759578025
27.206700999999953,-32.12926700000003,-174.669456,-0.08256040591469442,-0.7022704460357141,0.7022704460357142,-0.08256040591469442
27.206700999999953,-32.12926700000003,-174.669456,-0.08256040591469442,-0.7022704460357141,0.7022704460357142,-0.08256040591469442
27.853334000000018,-32.206417999999985,-176.060774,-0.08256039627497683,-0.7022696569319424,0.7022710711458938,-0.08256181048892834
27.853334000000018,-32.206417999999985,-176.060774,-0.08256039627497683,-0.7022696569319424,0.7022710711458938,-0.08256181048892834
28.494606999999974,-32.28544599999998,-177.454308,-0.08256040591469442,-0.7022704460357141,0.7022704460357142,-0.08256040591469442
28.494606999999974,-32.28544599999998,-177.454308,-0.08256040591469442,-0.7022704460357141,0.7022704460357142,-0.08256040591469442
28.80170099999998,-32.329913999999974,-178.494422,-0.08256040591469442,-0.7022704460357141,0.7022704460357142,-0.08256040591469442
28.80170099999998,-32.329913999999974,-178.494422,-0.08256040591469442,-0.7022704460357141,0.7022704460357142,-0.08256040591469442
29.106315999999993,-32.374787000000026,-179.534664,-0.08256040591469442,-0.7022704460357141,0.7022704460357142,-0.08256040591469442
29.106315999999993,-32.374787000000026,-179.534664,-0.08256040591469442,-0.7022704460357141,0.7022704460357142,-0.08256040591469442
29.12426800000003,-32.43488500000001,-180.30533,-0.08256040591469442,-0.7022704460357141,0.7022704460357142,-0.08256040591469442
29.12426800000003,-32.43488500000001,-180.30533,-0.08256040591469442,-0.7022704460357141,0.7022704460357142,-0.08256040591469442
29.141237000000046,-32.494804999999985,-181.075833,-0.08255970844710939,-0.7022705280311344,0.7022705280311344,-0.08255970844710939
29.141237000000046,-32.494804999999985,-181.075833,-0.08255970844710939,-0.7022705280311344,0.7022705280311344,-0.08255970844710939
28.93759399999999,-32.65576199999998,-181.633124,-0.08255970844710939,-0.7022705280311344,0.7022705280311344,-0.08255970844710939
28.93759399999999,-32.65576199999998,-181.633124,-0.08255970844710939,-0.7022705280311344,0.7022705280311344,-0.08255970844710939
28.733276000000046,-32.815800000000024,-182.189233,-0.08256040591469442,-0.7022704460357141,0.7022704460357142,-0.08256040591469442
28.733276000000046,-32.815800000000024,-182.189233,-0.08256040591469442,-0.7022704460357141,0.7022704460357142,-0.08256040591469442
28.30396399999995,-32.956339000000014,-182.596677,-0.08255968916791852,-0.7022703640382157,0.7022703640382159,-0.08256251759582153
28.30396399999995,-32.956339000000014,-182.596677,-0.08255968916791852,-0.7022703640382157,0.7022703640382159,-0.08256251759582153
27.871925000000033,-33.09926100000001,-183.004098,-0.08255891934562692,-0.7022705376702026,0.7022705376702026,-0.08256033355850413
27.871925000000033,-33.09926100000001,-183.004098,-0.08255891934562692,-0.7022705376702026,0.7022705376702026,-0.08256033355850413
27.280853999999977,-33.315736000000015,-183.289297,-0.08255968916791852,-0.7022703640382157,0.7022703640382159,-0.08256251759582153
27.280853999999977,-33.315736000000015,-183.289297,-0.08255968916791852,-0.7022703640382157,0.7022703640382159,-0.08256251759582153
26.68556000000001,-33.53591699999998,-183.574561,-0.08256040591469442,-0.7022704460357141,0.7022704460357142,-0.08256040591469442
26.68556000000001,-33.53591699999998,-183.574561,-0.08256040591469442,-0.7022704460357141,0.7022704460357142,-0.08256040591469442
25.927971999999954,-33.742170999999985,-183.777532,-0.08256039627501814,-0.7022703640392693,0.7022703640392692,-0.08256181048896964
25.927971999999954,-33.742170999999985,-183.777532,-0.08256039627501814,-0.7022703640392693,0.7022703640392692,-0.08256181048896964
25.165434000000005,-33.951660000000004,-183.97944,-0.08256040591469442,-0.7022704460357141,0.7022704460357142,-0.08256040591469442
25.165434000000005,-33.951660000000004,-183.97944,-0.08256040591469442,-0.7022704460357141,0.7022704460357142,-0.08256040591469442
24.303935000000024,-34.258321000000024,-184.107585,-0.08255968916791852,-0.7022703640382157,0.7022703640382159,-0.08256251759582153
24.303935000000024,-34.258321000000024,-184.107585,-0.08255968916791852,-0.7022703640382157,0.7022703640382159,-0.08256251759582153
23.435564,-34.569096,-184.234654,-0.08256040591469442,-0.7022704460357141,0.7022704460357142,-0.08256040591469442
23.435564,-34.569096,-184.234654,-0.08256040591469442,-0.7022704460357141,0.7022704460357142,-0.08256040591469442
22.44494499999996,-34.861050999999975,-184.318028,-0.08256038663513879,-0.7022695749342043,0.7022709891479905,-0.08256321506271155
22.44494499999996,-34.861050999999975,-184.318028,-0.08256038663513879,-0.7022695749342043,0.7022709891479905,-0.08256321506271155
21.446030999999948,-35.15830699999998,-184.400347,-0.08256040591469442,-0.7022704460357141,0.7022704460357142,-0.08256040591469442
21.446030999999948,-35.15830699999998,-184.400347,-0.08256040591469442,-0.7022704460357141,0.7022704460357142,-0.08256040591469442
20.350149999999985,-35.440313,-184.449542,-0.08255967952803922,-0.7022695749324486,0.7022709891462349,-0.08256392216939835
20.350149999999985,-35.440313,-184.449542,-0.08255967952803922,-0.7022695749324486,0.7022709891462349,-0.08256392216939835
19.24421700000005,-35.728768,-184.497753,-0.08256040591469442,-0.7022704460357141,0.7022704460357142,-0.08256040591469442
19.24421700000005,-35.728768,-184.497753,-0.08256040591469442,-0.7022704460357141,0.7022704460357142,-0.08256040591469442
18.051744999999983,-35.95294999999999,-184.52429899999998,-0.08255967952803922,-0.7022695749324486,0.7022709891462349,-0.08256392216939835
18.051744999999983,-35.95294999999999,-184.52429899999998,-0.08255967952803922,-0.7022695749324486,0.7022709891462349,-0.08256392216939835
16.849041000000057,-36.184461999999996,-184.549949,-0.08256040591469442,-0.7022704460357141,0.7022704460357142,-0.08256040591469442
16.849041000000057,-36.184461999999996,-184.549949,-0.08256040591469442,-0.7022704460357141,0.7022704460357142,-0.08256040591469442
15.574362999999948,-36.40572900000001,-184.560155,-0.08255967952791536,-0.7022688678245019,0.7022716962520748,-0.0825639221692745
15.574362999999948,-36.40572900000001,-184.560155,-0.08255967952791536,-0.7022688678245019,0.7022716962520748,-0.0825639221692745
14.289263000000005,-36.634942000000024,-184.569512,-0.08256040591469442,-0.7022704460357141,0.7022704460357142,-0.08256040591469442
14.289263000000005,-36.634942000000024,-184.569512,-0.08256040591469442,-0.7022704460357141,0.7022704460357142,-0.08256040591469442
12.945820000000026,-36.60346299999998,-184.590468,-0.08255967952770896,-0.7022681607158531,0.7022724033572121,-0.08256392216906808
12.945820000000026,-36.60346299999998,-184.590468,-0.08255967952770896,-0.7022681607158531,0.7022724033572121,-0.08256392216906808
11.591883000000053,-36.58070900000001,-184.610815,-0.08256040591469442,-0.7022704460357141,0.7022704460357142,-0.08256040591469442
11.591883000000053,-36.58070900000001,-184.610815,-0.08256040591469442,-0.7022704460357141,0.7022704460357142,-0.08256040591469442
10.204203000000007,-36.496902999999975,-184.62597,-0.08255897242052684,-0.7022681607133952,0.7022724033547543,-0.0825646292756723
10.204203000000007,-36.496902999999975,-184.62597,-0.08255897242052684,-0.7022681607133952,0.7022724033547543,-0.0825646292756723
8.806112999999982,-36.42229600000002,-184.64057400000002,-0.08256040591469442,-0.7022704460357141,0.7022704460357142,-0.08256040591469442
8.806112999999982,-36.42229600000002,-184.64057400000002,-0.08256040591469442,-0.7022704460357141,0.7022704460357142,-0.08256040591469442
7.3738329999999905,-36.28676300000001,-184.653325,-0.08255897242052684,-0.7022681607133952,0.7022724033547543,-0.0825646292756723
7.3738329999999905,-36.28676300000001,-184.653325,-0.08255897242052684,-0.7022681607133952,0.7022724033547543,-0.0825646292756723
5.931717000000049,-36.160889999999995,-184.66556,-0.08256040591469442,-0.7022704460357141,0.7022704460357142,-0.08256040591469442
5.931717000000049,-36.160889999999995,-184.66556,-0.08256040591469442,-0.7022704460357141,0.7022704460357142,-0.08256040591469442
4.487393999999995,-35.88896699999998,-184.692479,-0.08255897242023787,-0.7022674536040441,0.7022731104591895,-0.08256462927538331
4.487393999999995,-35.88896699999998,-184.692479,-0.08255897242023787,-0.7022674536040441,0.7022731104591895,-0.08256462927538331
3.0341469999999617,-35.62676800000003,-184.718878,-0.08256040591469442,-0.7022704460357141,0.7022704460357142,-0.08256040591469442
3.0341469999999617,-35.62676800000003,-184.718878,-0.08256040591469442,-0.7022704460357141,0.7022704460357142,-0.08256040591469442
1.571986000000038,-35.29359099999999,-184.751326,-0.08255967952742002,-0.702267453606502,0.7022731104616474,-0.08256392216877911
1.571986000000038,-35.29359099999999,-184.751326,-0.08255967952742002,-0.702267453606502,0.7022731104616474,-0.08256392216877911
0.1012869999999566,-34.970281,-184.783224,-0.08256040591469442,-0.7022704460357141,0.7022704460357142,-0.08256040591469442
0.1012869999999566,-34.970281,-184.783224,-0.08256040591469442,-0.7022704460357141,0.7022704460357142,-0.08256040591469442
-1.3566240000000107,-34.54053099999999,-184.828114,-0.08255967952742002,-0.702267453606502,0.7022731104616474,-0.08256392216877911
-1.3566240000000107,-34.54053099999999,-184.828114,-0.08255967952742002,-0.702267453606502,0.7022731104616474,-0.08256392216877911
-2.8223219999999856,-34.12054599999999,-184.87238,-0.08256040591469442,-0.7022704460357141,0.7022704460357142,-0.08256040591469442
-2.8223219999999856,-34.12054599999999,-184.87238,-0.08256040591469442,-0.7022704460357141,0.7022704460357142,-0.08256040591469442
-4.287090000000035,-33.642120999999975,-184.92443,-0.08255898206007589,-0.7022675356029391,0.702273192458745,-0.08256322470193038
-4.287090000000035,-33.642120999999975,-184.92443,-0.08255898206007589,-0.7022675356029391,0.702273192458745,-0.08256322470193038
-5.75933299999997,-33.173662999999976,-184.975793,-0.08256040591469442,-0.7022704460357141,0.7022704460357142,-0.08256040591469442
-5.75933299999997,-33.173662999999976,-184.975793,-0.08256040591469442,-0.7022704460357141,0.7022704460357142,-0.08256040591469442
-7.280693000000042,-32.86309799999998,-185.058314,-0.08255897242023787,-0.7022674536040441,0.7022731104591895,-0.08256462927538331
-7.280693000000042,-32.86309799999998,-185.058314,-0.08255897242023787,-0.7022674536040441,0.7022731104591895,-0.08256462927538331
-8.810592000000042,-32.56317200000001,-185.140022,-0.08256040591469442,-0.7022704460357141,0.7022704460357142,-0.08256040591469442
-8.810592000000042,-32.56317200000001,-185.140022,-0.08256040591469442,-0.7022704460357141,0.7022704460357142,-0.08256040591469442
-10.21561799999995,-32.16580499999998,-185.389653,-0.08255898206007589,-0.7022675356029391,0.702273192458745,-0.08256322470193038
-10.21561799999995,-32.16580499999998,-185.389653,-0.08255898206007589,-0.7022675356029391,0.702273192458745,-0.08256322470193038
-11.62736700000005,-31.77762100000001,-185.637816,-0.08256040591469442,-0.7022704460357141,0.7022704460357142,-0.08256040591469442
-11.62736700000005,-31.77762100000001,-185.637816,-0.08256040591469442,-0.7022704460357141,0.7022704460357142,-0.08256040591469442
-12.915271999999959,-31.514685999999983,-186.093491,-0.08255968916754701,-0.7022682427141285,0.702272485355983,-0.08256251759545001
-12.915271999999959,-31.514685999999983,-186.093491,-0.08255968916754701,-0.7022682427141285,0.702272485355983,-0.08256251759545001
-14.209315999999944,-31.259456999999998,-186.547046,-0.08256040591469442,-0.7022704460357141,0.7022704460357142,-0.08256040591469442
-14.209315999999944,-31.259456999999998,-186.547046,-0.08256040591469442,-0.7022704460357141,0.7022704460357142,-0.08256040591469442
-15.317433000000051,-31.058799000000022,-187.281411,-0.08255968916775341,-0.7022689498228599,0.7022717782507628,-0.08256251759565644
-15.317433000000051,-31.058799000000022,-187.281411,-0.08255968916775341,-0.7022689498228599,0.7022717782507628,-0.08256251759565644
-16.43072600000005,-30.863943000000006,-188.013028,-0.08256111302171146,-0.7022704460353629,0.702270446035363,-0.08255969880759483
-16.43072600000005,-30.863943000000006,-188.013028,-0.08256111302171146,-0.7022704460353629,0.702270446035363,-0.08255969880759483
-17.351961999999958,-30.839801000000023,-189.045779,-0.08255969880742971,-0.7022690318198419,0.7022718602480751,-0.08256111302154633
-17.351961999999958,-30.839801000000023,-189.045779,-0.08255969880742971,-0.7022690318198419,0.7022718602480751,-0.08256111302154633
-18.278254999999945,-30.819619999999986,-190.075406,-0.08256111302171146,-0.7022704460353629,0.702270446035363,-0.08255969880759483
-18.278254999999945,-30.819619999999986,-190.075406,-0.08256111302171146,-0.7022704460353629,0.702270446035363,-0.08255969880759483
-18.974301999999966,-30.847365000000025,-191.455034,-0.08256040591465316,-0.7022697389283048,0.7022711531424214,-0.08256040591465316
-18.974301999999966,-30.847365000000025,-191.455034,-0.08256040591465316,-0.7022697389283048,0.7022711531424214,-0.08256040591465316
-19.675306999999975,-30.87738200000001,-192.831503,-0.08256111302171146,-0.7022704460353629,0.702270446035363,-0.08255969880759483
-19.675306999999975,-30.87738200000001,-192.831503,-0.08256111302171146,-0.7022704460353629,0.702270446035363,-0.08255969880759483
-20.136716999999976,-30.995216000000028,-194.561312,-0.08256111302167018,-0.7022697389279536,0.7022711531420702,-0.08255969880755355
-20.136716999999976,-30.995216000000028,-194.561312,-0.08256111302167018,-0.7022697389279536,0.7022711531420702,-0.08255969880755355
-20.60388999999998,-31.11387400000001,-196.288018,-0.08256041555420898,-0.7022705280307833,0.7022705280307833,-0.08255900133992723
-20.60388999999998,-31.11387400000001,-196.288018,-0.08256041555420898,-0.7022705280307833,0.7022705280307833,-0.08255900133992723
-20.849252999999976,-31.09528499999999,-197.594645,-0.0825604155541677,-0.7022698209232913,0.702271235137573,-0.08255900133988595
-20.849252999999976,-31.09528499999999,-197.594645,-0.0825604155541677,-0.7022698209232913,0.702271235137573,-0.08255900133988595
-21.097428000000036,-31.07702599999999,-198.899955,-0.08256041555420898,-0.7022705280307833,0.7022705280307833,-0.08255900133992723
-21.097428000000036,-31.07702599999999,-198.899955,-0.08256041555420898,-0.7022705280307833,0.7022705280307833,-0.08255900133992723
-21.133554000000004,-31.182139000000006,-199.881911,-0.0825604155541677,-0.7022698209232913,0.702271235137573,-0.08255900133988595
-21.133554000000004,-31.182139000000006,-199.881911,-0.0825604155541677,-0.7022698209232913,0.702271235137573,-0.08255900133988595
-21.17111299999999,-31.287138000000027,-200.863593,-0.0825604155541677,-0.7022698209232913,0.702271235137573,-0.08255900133988595
-21.17111299999999,-31.287138000000027,-200.863593,-0.0825604155541677,-0.7022698209232913,0.702271235137573,-0.08255900133988595
-20.97238100000004,-31.236017000000004,-201.604529,-0.0825604155541677,-0.7022698209232913,0.702271235137573,-0.08255900133988595
-20.97238100000004,-31.236017000000004,-201.604529,-0.0825604155541677,-0.7022698209232913,0.702271235137573,-0.08255900133988595
-20.774607999999944,-31.185149000000024,-202.345802,-0.0825604155541677,-0.7022698209232913,0.702271235137573,-0.08255900133988595
-20.774607999999944,-31.185149000000024,-202.345802,-0.0825604155541677,-0.7022698209232913,0.702271235137573,-0.08255900133988595
-20.37931500000002,-31.208394,-202.908037,-0.0825604155541677,-0.7022698209232913,0.702271235137573,-0.08255900133988595
-20.37931500000002,-31.208394,-202.908037,-0.0825604155541677,-0.7022698209232913,0.702271235137573,-0.08255900133988595
-19.98499700000002,-31.232402999999977,-203.470842,-0.0825604155541677,-0.7022698209232913,0.702271235137573,-0.08255900133988595
-19.98499700000002,-31.232402999999977,-203.470842,-0.0825604155541677,-0.7022698209232913,0.702271235137573,-0.08255900133988595
-19.40590199999997,-31.286655999999994,-203.899021,-0.0825604155541677,-0.7022698209232913,0.702271235137573,-0.08255900133988595
-19.40590199999997,-31.286655999999994,-203.899021,-0.0825604155541677,-0.7022698209232913,0.702271235137573,-0.08255900133988595
-18.828254000000015,-31.342583999999988,-204.327775,-0.0825604155541677,-0.7022698209232913,0.702271235137573,-0.08255900133988595
-18.828254000000015,-31.342583999999988,-204.327775,-0.0825604155541677,-0.7022698209232913,0.702271235137573,-0.08255900133988595
-18.106589999999983,-31.564108999999974,-204.664685,-0.08256040591465316,-0.7022697389283048,0.7022711531424214,-0.08256040591465316
-18.106589999999983,-31.564108999999974,-204.664685,-0.08256040591465316,-0.7022697389283048,0.7022711531424214,-0.08256040591465316
-17.386619999999994,-31.787968999999975,-205.002068,-0.0825604155541677,-0.7022698209232913,0.702271235137573,-0.08255900133988595
-17.386619999999994,-31.787968999999975,-205.002068,-0.0825604155541677,-0.7022698209232913,0.702271235137573,-0.08255900133988595
-16.512606000000005,-31.93301200000002,-205.263355,-0.08256040591452932,-0.702269031820193,0.7022718602484262,-0.08256040591452932
-16.512606000000005,-31.93301200000002,-205.263355,-0.08256040591452932,-0.702269031820193,0.7022718602484262,-0.08256040591452932
-15.641281000000049,-32.08151600000002,-205.524986,-0.08256041555420898,-0.7022705280307833,0.7022705280307833,-0.08255900133992723
-15.641281000000049,-32.08151600000002,-205.524986,-0.08256041555420898,-0.7022705280307833,0.7022705280307833,-0.08255900133992723
-14.623669999999947,-32.175027,-205.733571,-0.08255969880742971,-0.7022690318198419,0.7022718602480751,-0.08256111302154633
-14.623669999999947,-32.175027,-205.733571,-0.08255969880742971,-0.7022690318198419,0.7022718602480751,-0.08256111302154633
-13.609984000000054,-32.27344499999998,-205.942331,-0.08256041555420898,-0.7022705280307833,0.7022705280307833,-0.08255900133992723
-13.609984000000054,-32.27344499999998,-205.942331,-0.08256041555420898,-0.7022705280307833,0.7022705280307833,-0.08255900133992723
-12.533650999999963,-32.61121300000002,-206.116153,-0.08255969880722332,-0.702268324711028,0.7022725673533778,-0.08256111302133995
-12.533650999999963,-32.61121300000002,-206.116153,-0.08255969880722332,-0.702268324711028,0.7022725673533778,-0.08256111302133995
-11.460973999999965,-32.95421399999998,-206.290011,-0.08256041555420898,-0.7022705280307833,0.7022705280307833,-0.08255900133992723
-11.460973999999965,-32.95421399999998,-206.290011,-0.08256041555420898,-0.7022705280307833,0.7022705280307833,-0.08255900133992723
-10.282621999999947,-33.243469000000005,-206.433244,-0.08255969880722332,-0.702268324711028,0.7022725673533778,-0.08256111302133995
-10.282621999999947,-33.243469000000005,-206.433244,-0.08255969880722332,-0.702268324711028,0.7022725673533778,-0.08256111302133995
-9.10900700000002,-33.539062,-206.576371,-0.08256041555420898,-0.7022705280307833,0.7022705280307833,-0.08255900133992723
-9.10900700000002,-33.539062,-206.576371,-0.08256041555420898,-0.7022705280307833,0.7022705280307833,-0.08255900133992723
-7.868347999999969,-33.85567900000001,-206.697854,-0.08255968916754701,-0.7022682427141285,0.702272485355983,-0.08256251759545001
-7.868347999999969,-33.85567900000001,-206.697854,-0.08255968916754701,-0.7022682427141285,0.702272485355983,-0.08256251759545001
-6.633069999999975,-34.17939100000001,-206.81912,-0.08256041555420898,-0.7022705280307833,0.7022705280307833,-0.08255900133992723
-6.633069999999975,-34.17939100000001,-206.81912,-0.08256041555420898,-0.7022705280307833,0.7022705280307833,-0.08255900133992723
-5.394328999999971,-34.637313000000006,-206.930683,-0.08255899170004118,-0.7022683247099746,0.7022725673523244,-0.08256182012827441
-5.394328999999971,-34.637313000000006,-206.930683,-0.08255899170004118,-0.7022683247099746,0.7022725673523244,-0.08256182012827441
-4.160549999999944,-35.102124,-207.041987,-0.08256111302171146,-0.7022704460353629,0.702270446035363,-0.08255969880759483
-4.160549999999944,-35.102124,-207.041987,-0.08256111302171146,-0.7022704460353629,0.702270446035363,-0.08255969880759483
-2.873499000000038,-35.47304600000001,-207.133645,-0.08255968916754701,-0.7022682427141285,0.702272485355983,-0.08256251759545001
-2.873499000000038,-35.47304600000001,-207.133645,-0.08255968916754701,-0.7022682427141285,0.702272485355983,-0.08256251759545001
-1.591538000000014,-35.851651000000004,-207.224999,-0.08256111302171146,-0.7022704460353629,0.702270446035363,-0.08255969880759483
-1.591538000000014,-35.851651000000004,-207.224999,-0.08256111302171146,-0.7022704460353629,0.702270446035363,-0.08255969880759483
-0.2803750000000491,-36.17394100000001,-207.301259,-0.08255968916754701,-0.7022682427141285,0.702272485355983,-0.08256251759545001
-0.2803750000000491,-36.17394100000001,-207.301259,-0.08255968916754701,-0.7022682427141285,0.702272485355983,-0.08256251759545001
1.0243090000000166,-36.50405699999999,-207.377097,-0.08256111302171146,-0.7022704460353629,0.702270446035363,-0.08255969880759483
1.0243090000000166,-36.50405699999999,-207.377097,-0.08256111302171146,-0.7022704460353629,0.702270446035363,-0.08255969880759483
2.3406660000000556,-36.80295899999999,-207.4469,-0.08255968916754701,-0.7022682427141285,0.702272485355983,-0.08256251759545001
2.3406660000000556,-36.80295899999999,-207.4469,-0.08255968916754701,-0.7022682427141285,0.702272485355983,-0.08256251759545001
3.650258000000008,-37.10972199999998,-207.516244,-0.08256111302171146,-0.7022704460353629,0.702270446035363,-0.08255969880759483
3.650258000000008,-37.10972199999998,-207.516244,-0.08256111302171146,-0.7022704460353629,0.702270446035363,-0.08255969880759483
4.979865000000018,-37.29037099999999,-207.569471,-0.0825582556735926,-0.7022694929256096,0.7022709071392309,-0.08256674095532
4.979865000000018,-37.29037099999999,-207.569471,-0.0825582556735926,-0.7022694929256096,0.7022709071392309,-0.08256674095532
6.300010000000043,-37.48327699999999,-207.624151,-0.08255751477170228,-0.7022699125568619,0.7022713267699041,-0.08256034319778693
6.300010000000043,-37.48327699999999,-207.624151,-0.08255751477170228,-0.7022699125568619,0.7022713267699041,-0.08256034319778693
7.642832999999996,-37.552013999999986,-207.668121,0.08256387883471214,0.7022727418702676,-0.7022656708050469,0.08257802096515324
7.642832999999996,-37.552013999999986,-207.668121,0.08256387883471214,0.7022727418702676,-0.7022656708050469,0.08257802096515324
8.973184999999944,-37.639538000000016,-207.722576,-0.08256040591469442,-0.7022704460357141,0.7022704460357142,-0.08256040591469442
8.973184999999944,-37.639538000000016,-207.722576,-0.08256040591469442,-0.7022704460357141,0.7022704460357142,-0.08256040591469442
10.320568999999978,-37.65754500000003,-207.764106,0.08256605323015118,0.7022731933120074,-0.7022647080282882,0.08258019536968325
10.320568999999978,-37.65754500000003,-207.764106,0.08256605323015118,0.7022731933120074,-0.7022647080282882,0.08258019536968325
11.653582000000029,-37.69565,-207.817793,-0.08256040591469442,-0.7022704460357141,0.7022704460357142,-0.08256040591469442
11.653582000000029,-37.69565,-207.817793,-0.08256040591469442,-0.7022704460357141,0.7022704460357142,-0.08256040591469442
12.982886000000008,-37.41675500000002,-207.837569,0.08256672176450261,0.7022749865517294,-0.7022622586320965,0.08258510653730551
12.982886000000008,-37.41675500000002,-207.837569,0.08256672176450261,0.7022749865517294,-0.7022622586320965,0.08258510653730551
14.294048999999973,-37.162094000000025,-207.874223,-0.08256040591469442,-0.7022704460357141,0.7022704460357142,-0.08256040591469442
14.294048999999973,-37.162094000000025,-207.874223,-0.08256040591469442,-0.7022704460357141,0.7022704460357142,-0.08256040591469442
15.696121999999946,-36.966768,-207.958655,0.08256958397950502,0.7022759810377324,-0.7022604246851486,0.08258938297370243
15.696121999999946,-36.966768,-207.958655,0.08256958397950502,0.7022759810377324,-0.7022604246851486,0.08258938297370243
17.07777299999998,-36.79929099999998,-208.063897,-0.08256040591469442,-0.7022704460357141,0.7022704460357142,-0.08256040591469442
17.07777299999998,-36.79929099999998,-208.063897,-0.08256040591469442,-0.7022704460357141,0.7022704460357142,-0.08256040591469442
18.448714999999993,-36.54215499999998,-208.275926,0.08257165707804431,0.7022776922247962,-0.7022578932421614,0.08259428448676968
18.448714999999993,-36.54215499999998,-208.275926,0.08257165707804431,0.7022776922247962,-0.7022578932421614,0.08259428448676968
19.79748500000005,-36.31529499999999,-208.51493299999998,-0.08255900133992723,-0.7022705280307833,0.7022705280307833,-0.08256041555420898
19.79748500000005,-36.31529499999999,-208.51493299999998,-0.08255900133992723,-0.7022705280307833,0.7022705280307833,-0.08256041555420898
21.073207000000025,-36.017066,-208.917197,0.08257522639744977,0.702278686678324,-0.7022560592603403,0.08259785381543348
21.073207000000025,-36.017066,-208.917197,0.08257522639744977,0.702278686678324,-0.7022560592603403,0.08259785381543348
22.32668799999999,-35.74893900000001,-209.352681,-0.08256040591469442,-0.7022704460357141,0.7022704460357142,-0.08256040591469442
22.32668799999999,-35.74893900000001,-209.352681,-0.08256040591469442,-0.7022704460357141,0.7022704460357142,-0.08256040591469442
23.442725999999993,-35.36292099999997,-209.986393,0.0825794304578781,0.7022797727925044,-0.7022543169591655,0.0825992294393639
23.442725999999993,-35.36292099999997,-209.986393,0.0825794304578781,0.7022797727925044,-0.7022543169591655,0.0825992294393639
24.537702999999965,-35.004705,-210.659814,-0.08256040591469442,-0.7022704460357141,0.7022704460357142,-0.08256040591469442
24.537702999999965,-35.004705,-210.659814,-0.08256040591469442,-0.7022704460357141,0.7022704460357142,-0.08256040591469442
25.492389000000003,-34.65234700000002,-211.569827,0.08258372617932945,0.7022802241990337,-0.7022533541354601,0.08259928253192465
25.492389000000003,-34.65234700000002,-211.569827,0.08258372617932945,0.7022802241990337,-0.7022533541354601,0.08259928253192465
26.42908399999999,-34.32261999999997,-212.524003,-0.08256040591469442,-0.7022704460357141,0.7022704460357142,-0.08256040591469442
26.42908399999999,-34.32261999999997,-212.524003,-0.08256040591469442,-0.7022704460357141,0.7022704460357142,-0.08256040591469442
27.17960000000005,-33.95080300000001,-213.728745,0.08258865663657007,0.7022807672650686,-0.7022524829942296,0.0825971419178218
27.17960000000005,-33.95080300000001,-213.728745,0.08258865663657007,0.7022807672650686,-0.7022524829942296,0.0825971419178218
27.916327000000024,-33.59448200000003,-214.982745,-0.08256040591469442,-0.7022704460357141,0.7022704460357142,-0.08256040591469442
27.916327000000024,-33.59448200000003,-214.982745,-0.08256040591469442,-0.7022704460357141,0.7022704460357142,-0.08256040591469442
28.47894699999995,-33.34501599999999,-216.524411,0.0825936063854123,0.7022807672773586,-0.7022524830065189,0.08259219217187032
28.47894699999995,-33.34501599999999,-216.524411,0.0825936063854123,0.7022807672773586,-0.7022524830065189,0.08259219217187032
29.033521999999948,-33.100526,-218.11747,-0.08255962645210681,-0.7022705376705537,0.7022705376705538,-0.08255962645210681
29.033521999999948,-33.100526,-218.11747,-0.08255962645210681,-0.7022705376705537,0.7022705376705538,-0.08255962645210681
29.31636800000001,-32.749063999999976,-219.26116,0.08257801618991793,0.7022755296858996,-0.7022613875562762,0.0825766019769556
29.31636800000001,-32.749063999999976,-219.26116,0.08257801618991793,0.7022755296858996,-0.7022613875562762,0.0825766019769556
29.59489599999995,-32.399834,-220.433196,-0.082558928984951,-0.7022706196651386,0.7022706196651387,-0.082558928984951
29.59489599999995,-32.399834,-220.433196,-0.082558928984951,-0.7022706196651386,0.7022706196651387,-0.082558928984951
29.689685000000054,-32.300546,-221.344889,0.08256670239337309,0.7022719933637895,-0.7022677507249072,0.08256387396745161
29.689685000000054,-32.300546,-221.344889,0.08256670239337309,0.7022719933637895,-0.7022677507249072,0.08256387396745161
29.78419699999995,-32.198938,-222.266821,-0.08255822187838856,-0.7022706196647874,0.7022706196647875,-0.08255963609143087
29.78419699999995,-32.198938,-222.266821,-0.08255822187838856,-0.7022706196647874,0.7022706196647875,-0.08255963609143087
29.63516500000003,-32.095545000000016,-222.962126,-0.08256041555420898,-0.7022705280307833,0.7022705280307833,-0.08255900133992723
29.63516500000003,-32.095545000000016,-222.962126,-0.08256041555420898,-0.7022705280307833,0.7022705280307833,-0.08255900133992723
29.486564000000044,-31.989693999999986,-223.659316,-0.08255752441086464,-0.7022699945517441,0.7022714087649516,-0.08255893862407208
29.486564000000044,-31.989693999999986,-223.659316,-0.08255752441086464,-0.7022699945517441,0.7022714087649516,-0.08255893862407208
29.140894000000003,-31.936945999999978,-224.198829,-0.08255752441086464,-0.7022699945517441,0.7022714087649516,-0.08255893862407208
29.140894000000003,-31.936945999999978,-224.198829,-0.08255752441086464,-0.7022699945517441,0.7022714087649516,-0.08255893862407208
28.794324999999958,-31.884104999999977,-224.73759,-0.08255752441086464,-0.7022699945517441,0.7022714087649516,-0.08255893862407208
28.794324999999958,-31.884104999999977,-224.73759,-0.08255752441086464,-0.7022699945517441,0.7022714087649516,-0.08255893862407208
28.274622000000022,-31.873878999999988,-225.165222,-0.08255758712531526,-0.7022705280279742,0.7022705280279742,-0.0825618297681605
28.274622000000022,-31.873878999999988,-225.165222,-0.08255758712531526,-0.7022705280279742,0.7022705280279742,-0.0825618297681605
27.751513000000045,-31.86776500000002,-225.592859,-0.08255752441090594,-0.702270701658699,0.702270701658699,-0.08255893862411338
27.751513000000045,-31.86776500000002,-225.592859,-0.08255752441090594,-0.702270701658699,0.702270701658699,-0.08255893862411338
27.097598999999946,-31.937792,-225.944252,0.08255825567346876,0.702271614244988,-0.7022687858177455,0.08256674095519616
27.097598999999946,-31.937792,-225.944252,0.08255825567346876,0.702271614244988,-0.7022687858177455,0.08256674095519616
26.43677500000001,-32.01680499999998,-226.29836,-0.08255822187838856,-0.7022706196647874,0.7022706196647875,-0.08255963609143087
26.43677500000001,-32.01680499999998,-226.29836,-0.08255822187838856,-0.7022706196647874,0.7022706196647875,-0.08255963609143087
25.659111000000053,-32.14212900000001,-226.597408,0.08255970367990098,0.7022726088015409,-0.7022669519447405,0.0825724316077018
25.659111000000053,-32.14212900000001,-226.597408,0.08255970367990098,0.7022726088015409,-0.7022669519447405,0.0825724316077018
24.870780999999965,-32.28134899999998,-226.902427,-0.08255822187838856,-0.7022706196647874,0.7022706196647875,-0.08255963609143087
24.870780999999965,-32.28134899999998,-226.902427,-0.08255822187838856,-0.7022706196647874,0.7022706196647875,-0.08255963609143087
23.991769999999974,-32.46568000000002,-227.165175,0.08256107932963001,0.7022736949820741,-0.7022652097008372,0.08257663567856459
23.991769999999974,-32.46568000000002,-227.165175,0.08256107932963001,0.7022736949820741,-0.7022652097008372,0.08257663567856459
23.098892999999975,-32.668052999999986,-227.436764,-0.08255962645210681,-0.7022705376705537,0.7022705376705538,-0.08255962645210681
23.098892999999975,-32.668052999999986,-227.436764,-0.08255962645210681,-0.7022705376705537,0.7022705376705538,-0.08255962645210681
22.101695999999947,-32.82264700000002,-227.661432,0.08256245497672966,0.7022740740437192,-0.7022641745535668,0.08258083974415541
22.101695999999947,-32.82264700000002,-227.661432,0.08256245497672966,0.7022740740437192,-0.7022641745535668,0.08258083974415541
21.088436,-32.998738,-227.896999,-0.08255962645210681,-0.7022705376705537,0.7022705376705538,-0.08255962645210681
21.088436,-32.998738,-227.896999,-0.08255962645210681,-0.7022705376705537,0.7022705376705538,-0.08255962645210681
20.000291999999945,-33.169016,-228.101418,0.08256322479712586,0.7022746074824195,-0.7022632937707947,0.08258302379246954
20.000291999999945,-33.169016,-228.101418,0.08256322479712586,0.7022746074824195,-0.7022632937707947,0.08258302379246954
18.89394100000004,-33.363451,-228.318296,-0.08255970844710939,-0.7022705280311344,0.7022705280311344,-0.08255970844710939
18.89394100000004,-33.363451,-228.318296,-0.08255970844710939,-0.7022705280311344,0.7022705280311344,-0.08255970844710939
17.707899999999995,-33.465111999999976,-228.487418,0.08256391261906296,0.7022751505540018,-0.7022624226313966,0.08258512582340485
17.707899999999995,-33.465111999999976,-228.487418,0.08256391261906296,0.7022751505540018,-0.7022624226313966,0.08258512582340485
16.50287400000002,-33.592511,-228.669572,-0.08256040591469442,-0.7022704460357141,0.7022704460357142,-0.08256040591469442
16.50287400000002,-33.592511,-228.669572,-0.08256040591469442,-0.7022704460357141,0.7022704460357142,-0.08256040591469442
15.24541099999999,-33.647985000000006,-228.813218,0.08256391261906296,0.7022751505540018,-0.7022624226313966,0.08258512582340485
15.24541099999999,-33.647985000000006,-228.813218,0.08256391261906296,0.7022751505540018,-0.7022624226313966,0.08258512582340485
13.968957000000046,-33.72988099999998,-228.969809,-0.08256040591469442,-0.7022704460357141,0.7022704460357142,-0.08256040591469442
13.968957000000046,-33.72988099999998,-228.969809,-0.08256040591469442,-0.7022704460357141,0.7022704460357142,-0.08256040591469442
12.647129999999947,-33.81847800000003,-229.117118,0.08256461008410278,0.7022750685433704,-0.7022623406222516,0.08258582328596742
12.647129999999947,-33.81847800000003,-229.117118,0.08256461008410278,0.7022750685433704,-0.7022623406222516,0.08258582328596742
11.305647000000022,-33.93453699999998,-229.277418,-0.08256040591469442,-0.7022704460357141,0.7022704460357142,-0.08256040591469442
11.305647000000022,-33.93453699999998,-229.277418,-0.08256040591469442,-0.7022704460357141,0.7022704460357142,-0.08256040591469442
9.920194000000038,-33.93748499999998,-229.390716,0.0825653171927306,0.702274361452794,-0.7022630477451325,0.08258511618113805
9.920194000000038,-33.93748499999998,-229.390716,0.0825653171927306,0.702274361452794,-0.7022630477451325,0.08258511618113805
8.514963999999964,-33.96738399999998,-229.516212,-0.08256040591469442,-0.7022704460357141,0.7022704460357142,-0.08256040591469442
8.514963999999964,-33.96738399999998,-229.516212,-0.08256040591469442,-0.7022704460357141,0.7022704460357142,-0.08256040591469442
7.112370000000055,-33.75153599999999,-229.568826,0.08256182986550098,0.7022747714988021,-0.702263457784535,0.08258162886546873
7.112370000000055,-33.75153599999999,-229.568826,0.08256182986550098,0.7022747714988021,-0.702263457784535,0.08258162886546873
5.693408999999974,-33.55947600000002,-229.63099499999998,0.08255680766464452,0.7022727409783818,-0.7022684983392546,0.08256105030377145
5.693408999999974,-33.55947600000002,-229.63099499999998,0.08255680766464452,0.7022727409783818,-0.7022684983392546,0.08256105030377145
4.2676910000000134,-33.29440099999999,-229.667611,0.08256106004563969,0.7022742380569189,-0.7022643385644546,0.08257944481735911
4.2676910000000134,-33.29440099999999,-229.667611,0.08256106004563969,0.7022742380569189,-0.7022643385644546,0.08257944481735911
2.8268319999999676,-33.05200400000001,-229.712534,0.08255891934558564,0.70227124477629,-0.7022698305634129,0.08256033355846286
2.8268319999999676,-33.05200400000001,-229.712534,0.08255891934558564,0.70227124477629,-0.7022698305634129,0.08256033355846286
1.3904810000000225,-32.71184499999998,-229.72837,0.08256247426182113,0.7022728238689916,-0.7022657528029453,0.08257803060712274
1.3904810000000225,-32.71184499999998,-229.72837,0.08256247426182113,0.7022728238689916,-0.7022657528029453,0.08257803060712274
-0.05952899999999772,-32.39293700000002,-229.75115,0.08255900133988596,0.7022712351375731,-0.7022698209232914,0.08256041555416771
-0.05952899999999772,-32.39293700000002,-229.75115,0.08255900133988596,0.7022712351375731,-0.7022698209232914,0.08256041555416771
-1.5062070000000176,-32.00250599999998,-229.752668,0.0825617864380923,0.7022722807829312,-0.7022666239287733,0.08257592857348765
-1.5062070000000176,-32.00250599999998,-229.752668,0.0825617864380923,0.7022722807829312,-0.7022666239287733,0.08257592857348765
-2.96554900000001,-31.632172000000025,-229.760033,0.08255891934558564,0.70227124477629,-0.7022698305634129,0.08256033355846286
-2.96554900000001,-31.632172000000025,-229.760033,0.08255891934558564,0.70227124477629,-0.7022698305634129,0.08256033355846286
-4.394871999999964,-31.135235000000023,-229.733344,0.08256109861355129,0.7022717376924421,-0.7022674950508324,0.08257382653837973
-4.394871999999964,-31.135235000000023,-229.733344,0.08256109861355129,0.7022717376924421,-0.7022674950508324,0.08257382653837973
-5.834832000000006,-30.656552999999974,-229.711069,-0.08255900133992723,-0.7022705280307833,0.7022705280307833,-0.08256041555420898
-5.834832000000006,-30.656552999999974,-229.711069,-0.08255900133992723,-0.7022705280307833,0.7022705280307833,-0.08256041555420898
-7.311855000000037,-30.270974000000024,-229.761504,0.0825617960798655,0.7022716556892034,-0.7022674130480892,0.08257452400320771
-7.311855000000037,-30.270974000000024,-229.761504,0.0825617960798655,0.7022716556892034,-0.7022674130480892,0.08257452400320771
-8.801359000000048,-29.904264000000012,-229.815995,-0.08256040591469442,-0.7022704460357141,0.7022704460357142,-0.08256040591469442
-8.801359000000048,-29.904264000000012,-229.815995,-0.08256040591469442,-0.7022704460357141,0.7022704460357142,-0.08256040591469442
-10.19876899999997,-29.46724499999999,-229.984022,0.0825603384335224,0.7022705791378367,-0.7022691649248761,0.0825702379242474
-10.19876899999997,-29.46724499999999,-229.984022,0.0825603384335224,0.7022705791378367,-0.7022691649248761,0.0825702379242474
-11.605013999999983,-29.045382000000018,-230.153139,-0.08256040591469442,-0.7022704460357141,0.7022704460357142,-0.08256040591469442
-11.605013999999983,-29.045382000000018,-230.153139,-0.08256040591469442,-0.7022704460357141,0.7022704460357142,-0.08256040591469442
-12.869491000000039,-28.577717000000007,-230.504519,-0.08255896278085728,-0.702269492929472,0.7022709071430934,-0.0825660338489635
-12.869491000000039,-28.577717000000007,-230.504519,-0.08255896278085728,-0.702269492929472,0.7022709071430934,-0.0825660338489635
-14.140066000000047,-28.120254999999986,-230.854488,-0.08256040591469442,-0.7022704460357141,0.7022704460357142,-0.08256040591469442
-14.140066000000047,-28.120254999999986,-230.854488,-0.08256040591469442,-0.7022704460357141,0.7022704460357142,-0.08256040591469442
-15.237862999999948,-27.679193999999995,-231.447653,-0.08255899170024755,-0.7022690318187885,0.7022718602470217,-0.08256182012848082
-15.237862999999948,-27.679193999999995,-231.447653,-0.08255899170024755,-0.7022690318187885,0.7022718602470217,-0.08256182012848082
-16.339328000000023,-27.24320399999999,-232.038215,-0.08256040591469442,-0.7022704460357141,0.7022704460357142,-0.08256040591469442
-16.339328000000023,-27.24320399999999,-232.038215,-0.08256040591469442,-0.7022704460357141,0.7022704460357142,-0.08256040591469442
-17.249712000000045,-26.884933999999987,-232.920943,-0.08256041555404386,-0.7022691138150969,0.7022719422436605,-0.08255900133976213
-17.249712000000045,-26.884933999999987,-232.920943,-0.08256041555404386,-0.7022691138150969,0.7022719422436605,-0.08255900133976213
-18.16175899999996,-26.526237999999978,-233.801466,-0.08256040591469442,-0.7022704460357141,0.7022704460357142,-0.08256040591469442
-18.16175899999996,-26.526237999999978,-233.801466,-0.08256040591469442,-0.7022704460357141,0.7022704460357142,-0.08256040591469442
-18.81600800000001,-26.052532999999983,-234.948181,-0.08256393180911252,-0.7022689498186462,0.7022717782465492,-0.08255827495330655
-18.81600800000001,-26.052532999999983,-234.948181,-0.08256393180911252,-0.7022689498186462,0.7022717782465492,-0.08255827495330655
-19.470034000000055,-25.573451999999975,-236.09664,-0.08256040591469442,-0.7022704460357141,0.7022704460357142,-0.08256040591469442
-19.470034000000055,-25.573451999999975,-236.09664,-0.08256040591469442,-0.7022704460357141,0.7022704460357142,-0.08256040591469442
-19.87311699999998,-25.099581999999998,-237.554239,0.08256884299340932,0.7022707431375985,-0.7022693289243076,0.08255894350037252
-19.87311699999998,-25.099581999999998,-237.554239,0.08256884299340932,0.7022707431375985,-0.7022693289243076,0.08255894350037252
-20.275500999999963,-24.616487000000006,-239.019753,0.08255900133988596,0.7022712351375731,-0.7022698209232914,0.08256041555416771
-20.275500999999963,-24.616487000000006,-239.019753,0.08255900133988596,0.7022712351375731,-0.7022698209232914,0.08256041555416771
-20.489150999999993,-24.323912000000007,-240.125437,0.08256461963587892,0.7022716142544686,-0.7022687858272262,0.08256037699501516
-20.489150999999993,-24.323912000000007,-240.125437,0.08256461963587892,0.7022716142544686,-0.7022687858272262,0.08256037699501516
-20.70231799999999,-24.026182000000006,-241.236402,0.08255891934558564,0.70227124477629,-0.7022698305634129,0.08256033355846286
-20.70231799999999,-24.026182000000006,-241.236402,0.08255891934558564,0.70227124477629,-0.7022698305634129,0.08256033355846286
-20.690233000000035,-23.825129000000004,-242.063416,0.08256320542238152,0.7022723213623326,-0.702268078721469,0.08256179120876025
-20.690233000000035,-23.825129000000004,-242.063416,0.08256320542238152,0.7022723213623326,-0.702268078721469,0.08256179120876025
-20.678236999999967,-23.62204600000001,-242.89478400000002,0.08255821223889935,0.7022719518806219,-0.7022691234548674,0.08256104066465376
-20.678236999999967,-23.62204600000001,-242.89478400000002,0.08255821223889935,0.7022719518806219,-0.7022691234548674,0.08256104066465376
-20.454535999999962,-23.562208999999996,-243.528663,0.0825610937418256,0.7022724033600213,-0.7022681607186622,0.08256250795561197
-20.454535999999962,-23.562208999999996,-243.528663,0.0825610937418256,0.7022724033600213,-0.7022681607186622,0.08256250795561197
-20.231366999999977,-23.502297999999996,-244.16639,0.08255751477157847,0.7022720338753718,-0.7022692054492874,0.0825603431976631
-20.231366999999977,-23.502297999999996,-244.16639,0.08255751477157847,0.7022720338753718,-0.7022692054492874,0.0825603431976631
-19.78614200000004,-23.44701500000002,-244.628433,0.0825603769941483,0.7022737355675267,-0.7022666644994205,0.08256461963501201
-19.78614200000004,-23.44701500000002,-244.628433,0.0825603769941483,0.7022737355675267,-0.7022666644994205,0.08256461963501201
-19.34271000000001,-23.39436699999999,-245.09456699999998,0.08255821223840402,0.7022733660892855,-0.7022677092377767,0.08256104066415841
-19.34271000000001,-23.39436699999999,-245.09456699999998,0.08255821223840402,0.7022733660892855,-0.7022677092377767,0.08256104066415841
-18.71483599999999,-23.423047999999994,-245.44729999999998,0.08255966024643312,0.7022743606662467,-0.7022658753855103,0.08256673131371356
-18.71483599999999,-23.423047999999994,-245.44729999999998,0.08255966024643312,0.7022743606662467,-0.7022658753855103,0.08256673131371356
-18.089932999999974,-23.456502999999998,-245.80377099999998,0.08255680766464452,0.7022727409783818,-0.7022684983392546,0.08256105030377145
-18.089932999999974,-23.456502999999998,-245.80377099999998,0.08255680766464452,0.7022727409783818,-0.7022684983392546,0.08256105030377145
-17.29932599999995,-23.540016999999978,-246.071304,0.08256105518056699,0.7022727824609034,-0.7022671256084001,0.08256812624619624
-17.29932599999995,-23.540016999999978,-246.071304,0.08256105518056699,0.7022727824609034,-0.7022671256084001,0.08256812624619624
-16.512789999999995,-23.630649000000005,-246.342738,-0.08256040591469442,-0.7022704460357141,0.7022704460357142,-0.08256040591469442
-16.512789999999995,-23.630649000000005,-246.342738,-0.08256040591469442,-0.7022704460357141,0.7022704460357142,-0.08256040591469442
-15.577379999999948,-23.72271699999999,-246.5374,0.08256253211090187,0.7022719017165624,-0.7022676590739619,0.08256960318190254
-15.577379999999948,-23.72271699999999,-246.5374,0.08256253211090187,0.7022719017165624,-0.7022676590739619,0.08256960318190254
-14.647785999999996,-23.824780999999973,-246.736346,-0.08256040591469442,-0.7022704460357141,0.7022704460357142,-0.08256040591469442
-14.647785999999996,-23.824780999999973,-246.736346,-0.08256040591469442,-0.7022704460357141,0.7022704460357142,-0.08256040591469442
-13.625387000000046,-24.102266999999983,-246.924784,0.08256253211090187,0.7022719017165624,-0.7022676590739619,0.08256960318190254
-13.625387000000046,-24.102266999999983,-246.924784,0.08256253211090187,0.7022719017165624,-0.7022676590739619,0.08256960318190254
-12.608826000000022,-24.390397000000007,-247.116903,-0.08256040591469442,-0.7022704460357141,0.7022704460357142,-0.08256040591469442
-12.608826000000022,-24.390397000000007,-247.116903,-0.08256040591469442,-0.7022704460357141,0.7022704460357142,-0.08256040591469442
-11.464057000000025,-24.58161100000001,-247.237472,0.08256321029460226,0.7022723628048341,-0.7022667059500153,0.08257310979053521
-11.464057000000025,-24.58161100000001,-247.237472,0.08256321029460226,0.7022723628048341,-0.7022667059500153,0.08257310979053521
-10.327750000000037,-24.787226999999973,-247.362908,-0.08256040591469442,-0.7022704460357141,0.7022704460357142,-0.08256040591469442
-10.327750000000037,-24.787226999999973,-247.362908,-0.08256040591469442,-0.7022704460357141,0.7022704460357142,-0.08256040591469442
-9.101404000000002,-24.99840599999999,-247.4561,0.08256320065311795,0.7022722807955721,-0.7022666239414139,0.08257451436143444
-9.101404000000002,-24.99840599999999,-247.4561,0.08256320065311795,0.7022722807955721,-0.7022666239414139,0.08257451436143444
-7.885434000000032,-25.22647699999999,-247.554856,-0.08256040591469442,-0.7022704460357141,0.7022704460357142,-0.08256040591469442
-7.885434000000032,-25.22647699999999,-247.554856,-0.08256040591469442,-0.7022704460357141,0.7022704460357142,-0.08256040591469442
-6.603680000000054,-25.496465,-247.639931,0.0825631910111004,0.7022729058884616,-0.7022658348215896,0.08257591893147005
-6.603680000000054,-25.496465,-247.639931,0.0825631910111004,0.7022729058884616,-0.7022658348215896,0.08257591893147005
-5.332943,-25.78519399999999,-247.73114900000002,-0.08256040591469442,-0.7022704460357141,0.7022704460357142,-0.08256040591469442
-5.332943,-25.78519399999999,-247.73114900000002,-0.08256040591469442,-0.7022704460357141,0.7022704460357142,-0.08256040591469442
-3.9968770000000404,-26.051285000000007,-247.795124,0.08256317172686907,0.7022734489655531,-0.7022649636872887,0.08257872807035403
-3.9968770000000404,-26.051285000000007,-247.795124,0.08256317172686907,0.7022734489655531,-0.7022649636872887,0.08257872807035403
-2.67316500000004,-26.33881200000002,-247.866401,-0.08255962645210681,-0.7022705376705537,0.7022705376705538,-0.08255962645210681
-2.67316500000004,-26.33881200000002,-247.866401,-0.08255962645210681,-0.7022705376705537,0.7022705376705538,-0.08255962645210681
-1.292002000000025,-26.579965000000016,-247.911224,0.08256323444022853,0.7022739823986363,-0.7022640828998081,0.08258161922376638
-1.292002000000025,-26.579965000000016,-247.911224,0.08256323444022853,0.7022739823986363,-0.7022640828998081,0.08258161922376638
0.07384200000001329,-26.845366000000013,-247.964917,-0.08255891934562692,-0.7022705376702026,0.7022705376702026,-0.08256033355850413
0.07384200000001329,-26.845366000000013,-247.964917,-0.08255891934562692,-0.7022705376702026,0.7022705376702026,-0.08256033355850413
1.4876030000000355,-27.052580999999975,-247.991178,0.0825632151544806,0.7022745254630349,-0.7022632117527313,0.0825844283612999
1.4876030000000355,-27.052580999999975,-247.991178,0.0825632151544806,0.7022745254630349,-0.7022632117527313,0.0825844283612999
2.8837049999999635,-27.287191000000007,-248.028223,-0.08255822187838856,-0.7022706196647874,0.7022706196647875,-0.08255963609143087
2.8837049999999635,-27.287191000000007,-248.028223,-0.08255822187838856,-0.7022706196647874,0.7022706196647875,-0.08255963609143087
4.3185680000000275,-27.459063000000015,-248.03563,0.0825631958680031,0.7022750685208976,-0.7022623405997792,0.08258723749678226
4.3185680000000275,-27.459063000000015,-248.03563,0.0825631958680031,0.7022750685208976,-0.7022623405997792,0.08258723749678226
5.733751999999981,-27.661594999999977,-248.055972,-0.08255752441090594,-0.702270701658699,0.702270701658699,-0.08255893862411338
5.733751999999981,-27.661594999999977,-248.055972,-0.08255752441090594,-0.702270701658699,0.702270701658699,-0.08255893862411338
7.179466000000048,-27.803206999999986,-248.055405,0.08256387404456622,0.7022762366585972,-0.7022606803160145,0.08259074409084538
7.179466000000048,-27.803206999999986,-248.055405,0.08256387404456622,0.7022762366585972,-0.7022606803160145,0.08259074409084538
8.602690000000052,-27.978854000000013,-248.07038599999998,-0.08255682694313769,-0.7022700765448993,0.7022714907582719,-0.08255824115651025
8.602690000000052,-27.978854000000013,-248.07038599999998,-0.08255682694313769,-0.7022700765448993,0.7022714907582719,-0.08255824115651025
10.053859999999986,-28.134897000000024,-248.083142,0.08256602914761225,0.70227723111637,-0.7022588463403409,0.0825957276319673
10.053859999999986,-28.134897000000024,-248.083142,0.08256602914761225,0.70227723111637,-0.7022588463403409,0.0825957276319673
11.480335999999966,-28.32797199999999,-248.114278,-0.08256040591469442,-0.7022704460357141,0.7022704460357142,-0.08256040591469442
11.480335999999966,-28.32797199999999,-248.114278,-0.08256040591469442,-0.7022704460357141,0.7022704460357142,-0.08256040591469442
12.952886000000035,-28.380513000000008,-248.09338,0.08256956952838032,0.7022793936611836,-0.7022553520295802,0.08260351065534988
12.952886000000035,-28.380513000000008,-248.09338,0.08256956952838032,0.7022793936611836,-0.7022553520295802,0.08260351065534988
14.397091000000046,-28.476841999999976,-248.095757,-0.08256040591469442,-0.7022704460357141,0.7022704460357142,-0.08256040591469442
14.397091000000046,-28.476841999999976,-248.095757,-0.08256040591469442,-0.7022704460357141,0.7022704460357142,-0.08256040591469442
15.885346000000027,-28.349733000000015,-248.020125,0.0825709789256386,0.7022821811243093,-0.702251068426402,0.08261481954541705
15.885346000000027,-28.349733000000015,-248.020125,0.0825709789256386,0.7022821811243093,-0.702251068426402,0.08261481954541705
17.336172000000033,-28.276437999999985,-247.975247,-0.08256040591469442,-0.7022704460357141,0.7022704460357142,-0.08256040591469442
17.336172000000033,-28.276437999999985,-247.975247,-0.08256040591469442,-0.7022704460357141,0.7022704460357142,-0.08256040591469442
18.845867999999996,-28.084585000000004,-247.935186,0.08257595761871787,0.7022859628333058,-0.7022449506262336,0.08262969775212275
18.845867999999996,-28.084585000000004,-247.935186,0.08257595761871787,0.7022859628333058,-0.7022449506262336,0.08262969775212275
20.30979100000002,-27.958358999999973,-247.937018,-0.08256040591469442,-0.7022704460357141,0.7022704460357142,-0.08256040591469442
20.30979100000002,-27.958358999999973,-247.937018,-0.08256040591469442,-0.7022704460357141,0.7022704460357142,-0.08256040591469442
21.78230599999995,-27.750218000000018,-248.024632,0.08258296595089425,0.7022903790547367,-0.7022380531751207,0.08264377710828595
21.78230599999995,-27.750218000000018,-248.024632,0.08258296595089425,0.7022903790547367,-0.7022380531751207,0.08264377710828595
23.20264599999996,-27.617852000000028,-248.169066,-0.08256040591469442,-0.7022704460357141,0.7022704460357142,-0.08256040591469442
23.20264599999996,-27.617852000000028,-248.169066,-0.08256040591469442,-0.7022704460357141,0.7022704460357142,-0.08256040591469442
24.57236499999999,-27.347122000000013,-248.426814,0.08259361590928242,0.702296404608121,-0.7022285223502786,0.08266291238082996
24.57236499999999,-27.347122000000013,-248.426814,0.08259361590928242,0.702296404608121,-0.7022285223502786,0.08266291238082996
25.883582000000047,-27.16190499999999,-248.761658,-0.08256040591469442,-0.7022704460357141,0.7022704460357142,-0.08256040591469442
25.883582000000047,-27.16190499999999,-248.761658,-0.08256040591469442,-0.7022704460357141,0.7022704460357142,-0.08256040591469442
27.08786699999996,-26.699685999999986,-249.199621,0.08261053321374737,0.7023044371063076,-0.7022153417003303,0.08268972913017171
27.08786699999996,-26.699685999999986,-249.199621,0.08261053321374737,0.7023044371063076,-0.7022153417003303,0.08268972913017171
28.223973,-26.33737100000002,-249.745995,-0.08256040591469442,-0.7022704460357141,0.7022704460357142,-0.08256040591469442
28.223973,-26.33737100000002,-249.745995,-0.08256040591469442,-0.7022704460357141,0.7022704460357142,-0.08256040591469442
29.285549999999944,-25.987960999999984,-250.468232,0.08263672962091353,0.7023139139488215,-0.7021993626661679,0.08271875399614692
29.285549999999944,-25.987960999999984,-250.468232,0.08263672962091353,0.7023139139488215,-0.7021993626661679,0.08271875399614692
30.274092999999993,-25.746614000000022,-251.33838500000002,-0.08255823151755093,-0.70227070165905,0.70227070165905,-0.08255823151755093
30.274092999999993,-25.746614000000022,-251.33838500000002,-0.08255823151755093,-0.70227070165905,0.70227070165905,-0.08255823151755093
31.131417000000056,-25.22392500000001,-252.27883500000002,0.08269190667382101,0.7023374415387372,-0.7021606648193803,0.08279231585041563
31.131417000000056,-25.22392500000001,-252.27883500000002,0.08269190667382101,0.7023374415387372,-0.7021606648193803,0.08279231585041563
31.89346599999999,-24.841932999999983,-253.454553,-0.08256110338203516,-0.7022703640396204,0.7022703640396204,-0.08256110338203516
31.89346599999999,-24.841932999999983,-253.454553,-0.08256110338203516,-0.7022703640396204,0.7022703640396204,-0.08256110338203516
32.58118400000001,-24.348572999999988,-254.61362,0.08285879406520406,0.7024032886762446,-0.7020497351941435,0.08300728652768652
32.58118400000001,-24.348572999999988,-254.61362,0.08285879406520406,0.7024032886762446,-0.7020497351941435,0.08300728652768652
33.00924199999997,-23.40311700000001,-256.686537,-0.08101606481851181,-0.702221488528643,0.7026061546768202,-0.08164538995064019
33.00924199999997,-23.40311700000001,-256.686537,-0.08101606481851181,-0.702221488528643,0.7026061546768202,-0.08164538995064019
34.51280099999997,-22.981975999999975,-257.304298,0.08316779917631846,0.7024421742193075,-0.7017704226084222,0.08471353498831359
34.51280099999997,-22.981975999999975,-257.304298,0.08316779917631846,0.7024421742193075,-0.7017704226084222,0.08471353498831359
34.183356,-21.933419000000015,-259.287686,0.08242674508922755,0.7026457699256201,-0.7018184548439569,0.08334032721359406
34.183356,-21.933419000000015,-259.287686,0.08242674508922755,0.7026457699256201,-0.7018184548439569,0.08334032721359406
33.41129799999999,-22.460136999999975,-262.174435,-0.08200599319281308,-0.7014993504302177,0.7031355953493217,-0.08230439222300405
33.41129799999999,-22.460136999999975,-262.174435,-0.08200599319281308,-0.7014993504302177,0.7031355953493217,-0.08230439222300405
33.72853399999997,-21.913407000000007,-261.424315,0.08138163805675493,0.7025637194241102,-0.7020178329118737,0.08337992210284356
33.72853399999997,-21.913407000000007,-261.424315,0.08138163805675493,0.7025637194241102,-0.7020178329118737,0.08337992210284356
32.44341099999997,-22.626162000000022,-263.20374400000003,0.08253777570849997,0.7027505480557881,-0.7016743311492861,0.0835602524803802
32.44341099999997,-22.626162000000022,-263.20374400000003,0.08253777570849997,0.7027505480557881,-0.7016743311492861,0.0835602524803802
31.207566000000043,-22.383549000000016,-264.312402,0.08220186568579423,0.7031009807802445,-0.7013515987043342,0.08365284871722836
31.207566000000043,-22.383549000000016,-264.312402,0.08220186568579423,0.7031009807802445,-0.7013515987043342,0.08365284871722836
28.56354799999997,-22.648779999999988,-263.80699,-0.08256040591469442,-0.7022704460357141,0.7022704460357142,-0.08256040591469442
28.56354799999997,-22.648779999999988,-263.80699,-0.08256040591469442,-0.7022704460357141,0.7022704460357142,-0.08256040591469442
27.60599000000002,-22.521322999999995,-263.902875,0.08264313634214779,0.7023284194801929,-0.7021785127858226,0.08276617296865929
27.60599000000002,-22.521322999999995,-263.902875,0.08264313634214779,0.7023284194801929,-0.7021785127858226,0.08276617296865929
26.54734099999996,-22.546824000000015,-264.158561,-0.08256040591469442,-0.7022704460357141,0.7022704460357142,-0.08256040591469442
26.54734099999996,-22.546824000000015,-264.158561,-0.08256040591469442,-0.7022704460357141,0.7022704460357142,-0.08256040591469442
25.479330000000004,-22.487685999999997,-264.26948400000003,0.08260917674489122,0.702310584873622,-0.7022073472675484,0.08270675749583745
25.479330000000004,-22.487685999999997,-264.26948400000003,0.08260917674489122,0.702310584873622,-0.7022073472675484,0.08270675749583745
24.332666000000017,-22.547447999999974,-264.484789,-0.08256040591469442,-0.7022704460357141,0.7022704460357142,-0.08256040591469442
24.332666000000017,-22.547447999999974,-264.484789,-0.08256040591469442,-0.7022704460357141,0.7022704460357142,-0.08256040591469442
23.179093999999964,-22.53322800000001,-264.598964,0.08259428913236481,0.7023017733482046,-0.7022211632000865,0.0826791419198576
23.179093999999964,-22.53322800000001,-264.598964,0.08259428913236481,0.7023017733482046,-0.7022211632000865,0.0826791419198576
21.957831000000056,-22.62063999999998,-264.791656,-0.08256040591469442,-0.7022704460357141,0.7022704460357142,-0.08256040591469442
21.957831000000056,-22.62063999999998,-264.791656,-0.08256040591469442,-0.7022704460357141,0.7022704460357142,-0.08256040591469442
20.72332300000005,-22.622541000000012,-264.9006,0.0825858232483496,0.7022969885320677,-0.7022291062861318,0.08266077656157053
20.72332300000005,-22.622541000000012,-264.9006,0.0825858232483496,0.7022969885320677,-0.7022291062861318,0.08266077656157053
19.428885000000037,-22.714893000000018,-265.072626,-0.082558928984951,-0.7022706196651386,0.7022706196651387,-0.082558928984951
19.428885000000037,-22.714893000000018,-265.072626,-0.082558928984951,-0.7022706196651386,0.7022706196651387,-0.082558928984951
18.131197000000043,-22.678494,-265.161057,0.08257944969701779,0.7022919572207972,-0.7022368029023798,0.08264450350848437
18.131197000000043,-22.678494,-265.161057,0.08257944969701779,0.7022919572207972,-0.7022368029023798,0.08264450350848437
16.780313999999976,-22.72080999999997,-265.299876,-0.08255970844710939,-0.7022705280311344,0.7022705280311344,-0.08255970844710939
16.780313999999976,-22.72080999999997,-265.299876,-0.08255970844710939,-0.7022705280311344,0.7022705280311344,-0.08255970844710939
15.424081000000001,-22.490273000000002,-265.313604,0.0825766647238784,0.7022873770315412,-0.7022435363963963,0.08262899064324514
15.424081000000001,-22.490273000000002,-265.313604,0.0825766647238784,0.7022873770315412,-0.7022435363963963,0.08262899064324514
14.024874999999952,-22.324895000000026,-265.366248,-0.08256040591469442,-0.7022704460357141,0.7022704460357142,-0.08256040591469442
14.024874999999952,-22.324895000000026,-265.366248,-0.08256040591469442,-0.7022704460357141,0.7022704460357142,-0.08256040591469442
12.628816000000029,-22.262006999999983,-265.427833,0.08257379287605057,0.7022863006415178,-0.702245288456012,0.08262611876790281
12.628816000000029,-22.262006999999983,-265.427833,0.08257379287605057,0.7022863006415178,-0.702245288456012,0.08262611876790281
11.189237000000048,-22.263881000000026,-265.524946,-0.08256040591469442,-0.7022704460357141,0.7022704460357142,-0.08256040591469442
11.189237000000048,-22.263881000000026,-265.524946,-0.08256040591469442,-0.7022704460357141,0.7022704460357142,-0.08256040591469442
9.762674999999945,-22.153913999999986,-265.567038,0.08257165708683818,0.7022840562582934,-0.7022487009321561,0.08261832611733926
9.762674999999945,-22.153913999999986,-265.567038,0.08257165708683818,0.7022840562582934,-0.7022487009321561,0.08261832611733926
8.297243999999978,-22.101409999999987,-265.638331,-0.08256040591469442,-0.7022704460357141,0.7022704460357142,-0.08256040591469442
8.297243999999978,-22.101409999999987,-265.638331,-0.08256040591469442,-0.7022704460357141,0.7022704460357142,-0.08256040591469442
6.84022600000003,-22.008488,-265.680089,0.08257029111030346,0.7022823452031125,-0.7022512324979363,0.08261271752645305
6.84022600000003,-22.008488,-265.680089,0.08257029111030346,0.7022823452031125,-0.7022512324979363,0.08261271752645305
5.346902,-21.968795999999998,-265.746965,-0.08256040591469442,-0.7022704460357141,0.7022704460357142,-0.08256040591469442
5.346902,-21.968795999999998,-265.746965,-0.08256040591469442,-0.7022704460357141,0.7022704460357142,-0.08256040591469442
3.882217999999966,-21.758668999999998,-265.749766,0.08256816495624263,0.70227947566637,-0.7022554340319592,0.08260352030096435
3.882217999999966,-21.758668999999998,-265.749766,0.08256816495624263,0.70227947566637,-0.7022554340319592,0.08260352030096435
2.38766899999996,-21.594009000000028,-265.772181,-0.08256040591469442,-0.7022704460357141,0.7022704460357142,-0.08256040591469442
2.38766899999996,-21.594009000000028,-265.772181,-0.08256040591469442,-0.7022704460357141,0.7022704460357142,-0.08256040591469442
0.9143020000000206,-21.34228999999999,-265.756775,0.08256671696469493,0.7022784812597737,-0.7022572680616188,0.08259782965532196
0.9143020000000206,-21.34228999999999,-265.756775,0.08256671696469493,0.7022784812597737,-0.7022572680616188,0.08259782965532196
-0.5855400000000373,-21.131557999999984,-265.757589,-0.08256040591469442,-0.7022704460357141,0.7022704460357142,-0.08256040591469442
-0.5855400000000373,-21.131557999999984,-265.757589,-0.08256040591469442,-0.7022704460357141,0.7022704460357142,-0.08256040591469442
-2.0774360000000343,-20.923721,-265.746927,0.08256602914649763,0.7022779382136597,-0.7022581392240899,0.08259572763085227
-2.0774360000000343,-20.923721,-265.746927,0.08256602914649763,0.7022779382136597,-0.7022581392240899,0.08259572763085227
-3.5942529999999806,-20.755284000000017,-265.750769,-0.08256040591469442,-0.7022704460357141,0.7022704460357142,-0.08256040591469442
-3.5942529999999806,-20.755284000000017,-265.750769,-0.08256040591469442,-0.7022704460357141,0.7022704460357142,-0.08256040591469442
-3.5942529999999806,-20.755284000000017,-265.750769,-0.08256040591469442,-0.7022704460357141,0.7022704460357142,-0.08256040591469442
-3.5942529999999806,-20.755284000000017,-265.750769,-0.08256040591469442,-0.7022704460357141,0.7022704460357142,-0.08256040591469442
-3.5942529999999806,-20.755284000000017,-265.750769,-0.08256040591469442,-0.7022704460357141,0.7022704460357142,-0.08256040591469442
-3.5942529999999806,-20.755284000000017,-265.750769,-0.08256040591469442,-0.7022704460357141,0.7022704460357142,-0.08256040591469442
-3.5942529999999806,-20.755284000000017,-265.750769,-0.08256040591469442,-0.7022704460357141,0.7022704460357142,-0.08256040591469442
-3.5942529999999806,-20.755284000000017,-265.750769,-0.08256040591469442,-0.7022704460357141,0.7022704460357142,-0.08256040591469442
-3.5942529999999806,-20.755284000000017,-265.750769,-0.08256040591469442,-0.7022704460357141,0.7022704460357142,-0.08256040591469442
-3.5942529999999806,-20.755284000000017,-265.750769,-0.08256040591469442,-0.7022704460357141,0.7022704460357142,-0.08256040591469442
-3.5942529999999806,-20.755284000000017,-265.750769,-0.08256040591469442,-0.7022704460357141,0.7022704460357142,-0.08256040591469442
-3.5942529999999806,-20.755284000000017,-265.750769,-0.08256040591469442,-0.7022704460357141,0.7022704460357142,-0.08256040591469442
-3.5942529999999806,-20.755284000000017,-265.750769,-0.08256040591469442,-0.7022704460357141,0.7022704460357142,-0.08256040591469442
-3.5942529999999806,-20.755284000000017,-265.750769,-0.08256040591469442,-0.7022704460357141,0.7022704460357142,-0.08256040591469442
-3.5942529999999806,-20.755284000000017,-265.750769,-0.08256040591469442,-0.7022704460357141,0.7022704460357142,-0.08256040591469442
-3.5942529999999806,-20.755284000000017,-265.750769,-0.08256040591469442,-0.7022704460357141,0.7022704460357142,-0.08256040591469442
-3.5942529999999806,-20.755284000000017,-265.750769,-0.08256040591469442,-0.7022704460357141,0.7022704460357142,-0.08256040591469442
-3.5942529999999806,-20.755284000000017,-265.750769,-0.08256040591469442,-0.7022704460357141,0.7022704460357142,-0.08256040591469442
-3.5942529999999806,-20.755284000000017,-265.750769,-0.08256040591469442,-0.7022704460357141,0.7022704460357142,-0.08256040591469442
-3.5942529999999806,-20.755284000000017,-265.750769,-0.08256040591469442,-0.7022704460357141,0.7022704460357142,-0.08256040591469442
-3.5942529999999806,-20.755284000000017,-265.750769,-0.08256040591469442,-0.7022704460357141,0.7022704460357142,-0.08256040591469442
-3.5942529999999806,-20.755284000000017,-265.750769,-0.08256040591469442,-0.7022704460357141,0.7022704460357142,-0.08256040591469442
-3.5942529999999806,-20.755284000000017,-265.750769,-0.08256040591469442,-0.7022704460357141,0.7022704460357142,-0.08256040591469442
-3.5942529999999806,-20.755284000000017,-265.750769,-0.08256040591469442,-0.7022704460357141,0.7022704460357142,-0.08256040591469442
-3.5942529999999806,-20.755284000000017,-265.750769,-0.08256040591469442,-0.7022704460357141,0.7022704460357142,-0.08256040591469442
-3.5942529999999806,-20.755284000000017,-265.750769,-0.08256040591469442,-0.7022704460357141,0.7022704460357142,-0.08256040591469442
-3.5942189999999528,-20.753419000000008,-265.750748,-0.08256040591469442,-0.7022704460357141,0.7022704460357142,-0.08256040591469442
-3.5942189999999528,-20.753419000000008,-265.750748,-0.08256040591469442,-0.7022704460357141,0.7022704460357142,-0.08256040591469442
-3.5637910000000375,-17.95943299999999,-265.731215,0.08256812633978713,0.7022904609210223,-0.7022437918878164,0.08260913852048327
-3.5637910000000375,-17.95943299999999,-265.731215,0.08256812633978713,0.7022904609210223,-0.7022437918878164,0.08260913852048327
-3.5739899999999807,-15.19752699999998,-265.737824,0.08256464384982401,0.7022838410308344,-0.7022527283220424,0.08259292813054404
-3.5739899999999807,-15.19752699999998,-265.737824,0.08256464384982401,0.7022838410308344,-0.7022527283220424,0.08259292813054404
-3.57206599999995,-12.42613799999998,-265.735926,0.08256600983971885,0.7022855521695669,-0.7022501968393166,0.08259853674354896
-3.57206599999995,-12.42613799999998,-265.735926,0.08256600983971885,0.7022855521695669,-0.7022501968393166,0.08259853674354896
-3.5610289999999623,-9.647115999999983,-265.728716,0.0825681504480244,0.7022934944028355,-0.7022397542883012,0.08261764792193753
-3.5610289999999623,-9.647115999999983,-265.728716,0.0825681504480244,0.7022934944028355,-0.7022397542883012,0.08261764792193753
-3.5941689999999653,-6.906356000000017,-265.750924,-0.082558928984951,-0.7022706196651386,0.7022706196651387,-0.082558928984951
-3.5941689999999653,-6.906356000000017,-265.750924,-0.082558928984951,-0.7022706196651386,0.7022706196651387,-0.082558928984951
-3.5575489999999945,-4.103139999999996,-265.725139,0.08256955981621818,0.7022976958312258,-0.7022340562256434,0.0826289567814284
-3.5575489999999945,-4.103139999999996,-265.725139,0.08256955981621818,0.7022976958312258,-0.7022340562256434,0.0826289567814284
-3.569813999999951,-1.345831999999973,-265.733765,0.08256604360377139,0.7022886677856165,-0.7022462413719667,0.08260564158984447
-3.569813999999951,-1.345831999999973,-265.733765,0.08256604360377139,0.7022886677856165,-0.7022462413719667,0.08260564158984447
-3.566820000000007,1.4287719999999808,-265.730431,0.0825681601012334,0.7022921622956786,-0.702241250602273,0.08261624336722766
-3.566820000000007,1.4287719999999808,-265.730431,0.0825681601012334,0.7022921622956786,-0.702241250602273,0.08261624336722766
-3.5531630000000405,4.212090999999987,-265.720547,0.08257172932642838,0.7023030554522807,-0.7022266878810127,0.08264385425484819
-3.5531630000000405,4.212090999999987,-265.720547,0.08257172932642838,0.7023030554522807,-0.7022266878810127,0.08264385425484819
-3.594186000000036,6.938893000000007,-265.750703,-0.08256040591469442,-0.7022704460357141,0.7022704460357142,-0.08256040591469442
-3.594186000000036,6.938893000000007,-265.750703,-0.08256040591469442,-0.7022704460357141,0.7022704460357142,-0.08256040591469442
-3.547258000000056,9.759614,-265.713977,0.08257518274751405,0.7023101352378223,-0.7022167971879788,0.08266427815872827
-3.547258000000056,9.759614,-265.713977,0.08257518274751405,0.7023101352378223,-0.7022167971879788,0.08266427815872827
-3.562942000000021,12.512931999999978,-265.726493,0.0825695598198925,0.7022969887557492,-0.7022347633636215,0.08262895678510536
-3.562942000000021,12.512931999999978,-265.726493,0.0825695598198925,0.7022969887557492,-0.7022347633636215,0.08262895678510536
-3.5573650000000043,15.290367000000003,-265.719623,0.08257449985520222,0.702303977223327,-0.7022247812790244,0.08264945315963158
-3.5573650000000043,15.290367000000003,-265.719623,0.08257449985520222,0.702303977223327,-0.7022247812790244,0.08264945315963158
-3.5388980000000174,18.08232099999998,-265.70463,0.08257943960812697,0.7023215698959522,-0.7022013617807542,0.08269399087084492
-3.5388980000000174,18.08232099999998,-265.70463,0.08257943960812697,0.7023215698959522,-0.7022013617807542,0.08269399087084492
-3.5941510000000108,20.78519399999999,-265.750763,-0.08255962645210681,-0.7022705376705537,0.7022705376705538,-0.08255962645210681
-3.5941510000000108,20.78519399999999,-265.750763,-0.08255962645210681,-0.7022705376705537,0.7022705376705538,-0.08255962645210681
