x_mm,y_mm,z_mm,qx,qy,qz,qw
36.16866200000004,-15.640719999999988,-67.58561700000001,-0.08251511188080504,-0.7022757694177539,0.7022757694177539,-0.08251511188080504
35.957862999999975,-15.621721999999977,-67.58552499999999,-0.08251580935838863,-0.7022756874660622,0.7022756874660622,-0.08251580935838863
35.957862999999975,-15.621721999999977,-67.58552499999999,-0.08251580935838863,-0.7022756874660622,0.7022756874660622,-0.08251580935838863
35.746576000000005,-15.602991999999972,-67.585478,-0.08251511188080504,-0.7022757694177539,0.7022757694177539,-0.08251511188080504
35.746576000000005,-15.602991999999972,-67.585478,-0.08251511188080504,-0.7022757694177539,0.7022757694177539,-0.08251511188080504
35.416522999999984,-15.573151999999993,-67.585972,-0.08251580935838863,-0.7022756874660622,0.7022756874660622,-0.08251580935838863
35.416522999999984,-15.573151999999993,-67.585972,-0.08251580935838863,-0.7022756874660622,0.7022756874660622,-0.08251580935838863
35.08538599999997,-15.543991000000005,-67.58657400000001,-0.08251511188080504,-0.7022757694177539,0.7022757694177539,-0.08251511188080504
35.08538599999997,-15.543991000000005,-67.58657400000001,-0.08251511188080504,-0.7022757694177539,0.7022757694177539,-0.08251511188080504
34.653728,-15.524749999999983,-67.58442,-0.08251580935838863,-0.7022756874660622,0.7022756874660622,-0.08251580935838863
34.653728,-15.524749999999983,-67.58442,-0.08251580935838863,-0.7022756874660622,0.7022756874660622,-0.08251580935838863
34.22020699999996,-15.50666000000001,-67.58245,-0.08251511188080504,-0.7022757694177539,0.7022757694177539,-0.08251511188080504
34.22020699999996,-15.50666000000001,-67.58245,-0.08251511188080504,-0.7022757694177539,0.7022757694177539,-0.08251511188080504
33.706024999999954,-15.46773300000001,-67.58078900000001,-0.08251510225166607,-0.7022749803587199,0.7022763945719998,-0.08251651646494614
33.706024999999954,-15.46773300000001,-67.58078900000001,-0.08251510225166607,-0.7022749803587199,0.7022763945719998,-0.08251651646494614
33.18920400000002,-15.430364999999995,-67.579396,-0.08251511188080504,-0.7022757694177539,0.7022757694177539,-0.08251511188080504
33.18920400000002,-15.430364999999995,-67.579396,-0.08251511188080504,-0.7022757694177539,0.7022757694177539,-0.08251511188080504
32.61285099999998,-15.342776000000015,-67.57925800000001,-0.08251510225166607,-0.7022749803587199,0.7022763945719998,-0.08251651646494614
32.61285099999998,-15.342776000000015,-67.57925800000001,-0.08251510225166607,-0.7022749803587199,0.7022763945719998,-0.08251651646494614
32.033934000000045,-15.257196000000022,-67.579464,-0.08251511188080504,-0.7022757694177539,0.7022757694177539,-0.08251511188080504
32.033934000000045,-15.257196000000022,-67.579464,-0.08251511188080504,-0.7022757694177539,0.7022757694177539,-0.08251511188080504
31.405490999999984,-15.208386000000019,-67.573658,-0.08251510225166607,-0.7022749803587199,0.7022763945719998,-0.08251651646494614
31.405490999999984,-15.208386000000019,-67.573658,-0.08251510225166607,-0.7022749803587199,0.7022763945719998,-0.08251651646494614
30.773357000000033,-15.161951999999985,-67.56825900000001,-0.08251511188080504,-0.7022757694177539,0.7022757694177539,-0.08251511188080504
30.773357000000033,-15.161951999999985,-67.56825900000001,-0.08251511188080504,-0.7022757694177539,0.7022757694177539,-0.08251511188080504
30.10650499999997,-15.136120000000005,-67.560496,-0.08251510225166607,-0.7022749803587199,0.7022763945719998,-0.08251651646494614
30.10650499999997,-15.136120000000005,-67.560496,-0.08251510225166607,-0.7022749803587199,0.7022763945719998,-0.08251651646494614
29.435783000000015,-15.112948000000017,-67.553192,-0.08251511188080504,-0.7022757694177539,0.7022757694177539,-0.08251511188080504
29.435783000000015,-15.112948000000017,-67.553192,-0.08251511188080504,-0.7022757694177539,0.7022757694177539,-0.08251511188080504
28.741385000000037,-15.056650999999988,-67.545963,-0.08251511188076378,-0.7022750623106802,0.7022764765241254,-0.08251511188076378
28.741385000000037,-15.056650999999988,-67.545963,-0.08251511188076378,-0.7022750623106802,0.7022764765241254,-0.08251511188076378
28.04296599999998,-15.003215000000012,-67.53923700000001,-0.08251583824519673,-0.7022759333159566,0.7022759333159565,-0.08251159560387131
28.04296599999998,-15.003215000000012,-67.53923700000001,-0.08251583824519673,-0.7022759333159566,0.7022759333159565,-0.08251159560387131
27.330276000000026,-14.992603999999972,-67.526941,-0.08251512150969983,-0.7022751442612649,0.7022765584748749,-0.0825137072960897
27.330276000000026,-14.992603999999972,-67.526941,-0.08251512150969983,-0.7022751442612649,0.7022765584748749,-0.0825137072960897
26.61332200000004,-14.985023000000012,-67.515174,-0.08251582861642237,-0.7022758513673676,0.7022758513673677,-0.08251300018920212
26.61332200000004,-14.985023000000012,-67.515174,-0.08251582861642237,-0.7022758513673676,0.7022758513673677,-0.08251300018920212
25.887878999999998,-14.975014999999985,-67.50045700000001,-0.08251511188076378,-0.7022750623106802,0.7022764765241254,-0.08251511188076378
25.887878999999998,-14.975014999999985,-67.50045700000001,-0.08251511188076378,-0.7022750623106802,0.7022764765241254,-0.08251511188076378
25.158069999999952,-14.96804400000002,-67.48629600000001,-0.0825151215097411,-0.7022758513684211,0.7022758513684211,-0.08251370729613097
25.158069999999952,-14.96804400000002,-67.48629600000001,-0.0825151215097411,-0.7022758513684211,0.7022758513684211,-0.08251370729613097
24.427818000000002,-14.895482000000015,-67.471047,-0.08251511188076378,-0.7022750623106802,0.7022764765241254,-0.08251511188076378
24.427818000000002,-14.895482000000015,-67.471047,-0.08251511188076378,-0.7022750623106802,0.7022764765241254,-0.08251511188076378
23.693385000000035,-14.826009999999997,-67.456376,-0.08251581898748633,-0.7022757694174028,0.7022757694174027,-0.08251440477404123
23.693385000000035,-14.826009999999997,-67.456376,-0.08251581898748633,-0.7022757694174028,0.7022757694174027,-0.08251440477404123
22.948180999999977,-14.85996399999999,-67.44011499999999,-0.08251580935834736,-0.702274980359071,0.7022763945723509,-0.08251580935834736
22.948180999999977,-14.85996399999999,-67.44011499999999,-0.08251580935834736,-0.702274980359071,0.7022763945723509,-0.08251580935834736
22.198282999999947,-14.897125000000017,-67.42443700000001,-0.08251581898748633,-0.7022757694174028,0.7022757694174027,-0.08251440477404123
22.198282999999947,-14.897125000000017,-67.42443700000001,-0.08251581898748633,-0.7022757694174028,0.7022757694174027,-0.08251440477404123
21.451846000000046,-14.859041999999988,-67.40896599999999,-0.08251510225166607,-0.7022749803587199,0.7022763945719998,-0.08251651646494614
21.451846000000046,-14.859041999999988,-67.40896599999999,-0.08251510225166607,-0.7022749803587199,0.7022763945719998,-0.08251651646494614
20.700804999999946,-14.824067000000014,-67.39408900000001,-0.08251511188080504,-0.7022757694177539,0.7022757694177539,-0.08251511188080504
20.700804999999946,-14.824067000000014,-67.39408900000001,-0.08251511188080504,-0.7022757694177539,0.7022757694177539,-0.08251511188080504
19.95022300000005,-14.779983000000016,-67.377839,-0.08251510225166607,-0.7022749803587199,0.7022763945719998,-0.08251651646494614
19.95022300000005,-14.779983000000016,-67.377839,-0.08251510225166607,-0.7022749803587199,0.7022763945719998,-0.08251651646494614
19.19511799999998,-14.73901699999999,-67.36219299999999,-0.08251511188080504,-0.7022757694177539,0.7022757694177539,-0.08251511188080504
19.19511799999998,-14.73901699999999,-67.36219299999999,-0.08251511188080504,-0.7022757694177539,0.7022757694177539,-0.08251511188080504
18.441629000000034,-14.709541999999999,-67.345597,-0.08251510225166607,-0.7022749803587199,0.7022763945719998,-0.08251651646494614
18.441629000000034,-14.709541999999999,-67.345597,-0.08251510225166607,-0.7022749803587199,0.7022763945719998,-0.08251651646494614
17.683606000000054,-14.68319200000002,-67.32960800000001,-0.08251511188080504,-0.7022757694177539,0.7022757694177539,-0.08251511188080504
17.683606000000054,-14.68319200000002,-67.32960800000001,-0.08251511188080504,-0.7022757694177539,0.7022757694177539,-0.08251511188080504
16.928012999999964,-14.645975000000021,-67.31244000000001,-0.08251510225166607,-0.7022749803587199,0.7022763945719998,-0.08251651646494614
16.928012999999964,-14.645975000000021,-67.31244000000001,-0.08251510225166607,-0.7022749803587199,0.7022763945719998,-0.08251651646494614
16.168027000000052,-14.611865000000023,-67.295885,-0.08251511188080504,-0.7022757694177539,0.7022757694177539,-0.08251511188080504
16.168027000000052,-14.611865000000023,-67.295885,-0.08251511188080504,-0.7022757694177539,0.7022757694177539,-0.08251511188080504
15.410690000000045,-14.577267000000006,-67.27820500000001,-0.08251510225166607,-0.7022749803587199,0.7022763945719998,-0.08251651646494614
15.410690000000045,-14.577267000000006,-67.27820500000001,-0.08251510225166607,-0.7022749803587199,0.7022763945719998,-0.08251651646494614
14.649205000000052,-14.545777999999984,-67.261147,-0.08251511188080504,-0.7022757694177539,0.7022757694177539,-0.08251511188080504
14.649205000000052,-14.545777999999984,-67.261147,-0.08251511188080504,-0.7022757694177539,0.7022757694177539,-0.08251511188080504
13.889485000000036,-14.518664000000001,-67.243066,-0.08251510225166607,-0.7022749803587199,0.7022763945719998,-0.08251651646494614
13.889485000000036,-14.518664000000001,-67.243066,-0.08251510225166607,-0.7022749803587199,0.7022763945719998,-0.08251651646494614
13.125828999999953,-14.494677000000024,-67.225615,-0.08251511188080504,-0.7022757694177539,0.7022757694177539,-0.08251511188080504
13.125828999999953,-14.494677000000024,-67.225615,-0.08251511188080504,-0.7022757694177539,0.7022757694177539,-0.08251511188080504
12.364438999999948,-14.481724999999983,-67.207337,-0.08251510225166607,-0.7022749803587199,0.7022763945719998,-0.08251651646494614
12.364438999999948,-14.481724999999983,-67.207337,-0.08251510225166607,-0.7022749803587199,0.7022763945719998,-0.08251651646494614
11.598653000000013,-14.471888999999976,-67.189682,-0.08251511188080504,-0.7022757694177539,0.7022757694177539,-0.08251511188080504
11.598653000000013,-14.471888999999976,-67.189682,-0.08251511188080504,-0.7022757694177539,0.7022757694177539,-0.08251511188080504
10.835808000000043,-14.458893999999987,-67.17165,-0.08251510225166607,-0.7022749803587199,0.7022763945719998,-0.08251651646494614
10.835808000000043,-14.458893999999987,-67.17165,-0.08251510225166607,-0.7022749803587199,0.7022763945719998,-0.08251651646494614
10.068629999999985,-14.449020000000019,-67.15424200000001,-0.08251511188080504,-0.7022757694177539,0.7022757694177539,-0.08251511188080504
10.068629999999985,-14.449020000000019,-67.15424200000001,-0.08251511188080504,-0.7022757694177539,0.7022757694177539,-0.08251511188080504
9.304675999999972,-14.455034000000012,-67.13645,-0.08251510225166607,-0.7022749803587199,0.7022763945719998,-0.08251651646494614
9.304675999999972,-14.455034000000012,-67.13645,-0.08251510225166607,-0.7022749803587199,0.7022763945719998,-0.08251651646494614
8.536636000000044,-14.464139999999986,-67.11928900000001,-0.08251511188080504,-0.7022757694177539,0.7022757694177539,-0.08251511188080504
8.536636000000044,-14.464139999999986,-67.11928900000001,-0.08251511188080504,-0.7022757694177539,0.7022757694177539,-0.08251511188080504
7.7704330000000255,-14.444538000000023,-67.10133200000001,-0.08251579972896424,-0.702274191298826,0.7022770197250561,-0.08251721394207927
7.7704330000000255,-14.444538000000023,-67.10133200000001,-0.08251579972896424,-0.702274191298826,0.7022770197250561,-0.08251721394207927
7.000055999999972,-14.428020000000004,-67.084004,-0.08251580935834736,-0.702274980359071,0.7022763945723509,-0.08251580935834736
7.000055999999972,-14.428020000000004,-67.084004,-0.08251580935834736,-0.702274980359071,0.7022763945723509,-0.08251580935834736
6.235608999999954,-14.428920000000005,-67.06663499999999,-0.08251579972896424,-0.702274191298826,0.7022770197250561,-0.08251721394207927
6.235608999999954,-14.428920000000005,-67.06663499999999,-0.08251579972896424,-0.702274191298826,0.7022770197250561,-0.08251721394207927
5.467228999999975,-14.432860000000005,-67.04990000000001,-0.08251511188080504,-0.7022757694177539,0.7022757694177539,-0.08251511188080504
5.467228999999975,-14.432860000000005,-67.04990000000001,-0.08251511188080504,-0.7022757694177539,0.7022757694177539,-0.08251511188080504
4.699421000000029,-14.385663000000022,-67.033065,-0.08251510225166607,-0.7022749803587199,0.7022763945719998,-0.08251651646494614
4.699421000000029,-14.385663000000022,-67.033065,-0.08251510225166607,-0.7022749803587199,0.7022763945719998,-0.08251651646494614
3.928588999999988,-14.341541000000007,-67.016874,-0.08251511188080504,-0.7022757694177539,0.7022757694177539,-0.08251511188080504
3.928588999999988,-14.341541000000007,-67.016874,-0.08251511188080504,-0.7022757694177539,0.7022757694177539,-0.08251511188080504
3.1613909999999805,-14.351394000000028,-66.997975,-0.08251510225166607,-0.7022749803587199,0.7022763945719998,-0.08251651646494614
3.1613909999999805,-14.351394000000028,-66.997975,-0.08251510225166607,-0.7022749803587199,0.7022763945719998,-0.08251651646494614
2.3903530000000046,-14.364306999999997,-66.979716,-0.08251511188080504,-0.7022757694177539,0.7022757694177539,-0.08251511188080504
2.3903530000000046,-14.364306999999997,-66.979716,-0.08251511188080504,-0.7022757694177539,0.7022757694177539,-0.08251511188080504
1.6224389999999858,-14.378101000000015,-66.960924,-0.08251510225166607,-0.7022749803587199,0.7022763945719998,-0.08251651646494614
1.6224389999999858,-14.378101000000015,-66.960924,-0.08251510225166607,-0.7022749803587199,0.7022763945719998,-0.08251651646494614
0.8509199999999737,-14.394978999999978,-66.942778,-0.08251511188080504,-0.7022757694177539,0.7022757694177539,-0.08251511188080504
0.8509199999999737,-14.394978999999978,-66.942778,-0.08251511188080504,-0.7022757694177539,0.7022757694177539,-0.08251511188080504
0.086037000000033,-14.458001000000024,-66.92357899999999,-0.08251510225166607,-0.7022749803587199,0.7022763945719998,-0.08251651646494614
0.086037000000033,-14.458001000000024,-66.92357899999999,-0.08251510225166607,-0.7022749803587199,0.7022763945719998,-0.08251651646494614
-0.6825720000000501,-14.523939999999982,-66.90502799999999,-0.08251511188080504,-0.7022757694177539,0.7022757694177539,-0.08251511188080504
-0.6825720000000501,-14.523939999999982,-66.90502799999999,-0.08251511188080504,-0.7022757694177539,0.7022757694177539,-0.08251511188080504
-1.4552459999999883,-14.459187999999983,-66.88733400000001,-0.08251510225166607,-0.7022749803587199,0.7022763945719998,-0.08251651646494614
-1.4552459999999883,-14.459187999999983,-66.88733400000001,-0.08251510225166607,-0.7022749803587199,0.7022763945719998,-0.08251651646494614
-2.2310979999999745,-14.39749599999999,-66.87027699999999,-0.08251511188080504,-0.7022757694177539,0.7022757694177539,-0.08251511188080504
-2.2310979999999745,-14.39749599999999,-66.87027699999999,-0.08251511188080504,-0.7022757694177539,0.7022757694177539,-0.08251511188080504
-2.9964439999999968,-14.459296999999992,-66.85118800000001,-0.08251510225166607,-0.7022749803587199,0.7022763945719998,-0.08251651646494614
-2.9964439999999968,-14.459296999999992,-66.85118800000001,-0.08251510225166607,-0.7022749803587199,0.7022763945719998,-0.08251651646494614
-3.765419999999949,-14.524112000000002,-66.83274599999999,-0.08251511188080504,-0.7022757694177539,0.7022757694177539,-0.08251511188080504
-3.765419999999949,-14.524112000000002,-66.83274599999999,-0.08251511188080504,-0.7022757694177539,0.7022757694177539,-0.08251511188080504
-4.5299680000000535,-14.589857999999992,-66.81421800000001,-0.08251510225166607,-0.7022749803587199,0.7022763945719998,-0.08251651646494614
-4.5299680000000535,-14.589857999999992,-66.81421800000001,-0.08251510225166607,-0.7022749803587199,0.7022763945719998,-0.08251651646494614
-5.298551999999972,-14.658581000000027,-66.796324,-0.08251511188080504,-0.7022757694177539,0.7022757694177539,-0.08251511188080504
-5.298551999999972,-14.658581000000027,-66.796324,-0.08251511188080504,-0.7022757694177539,0.7022757694177539,-0.08251511188080504
-6.066582000000039,-14.67362300000002,-66.77751900000001,-0.08251510225166607,-0.7022749803587199,0.7022763945719998,-0.08251651646494614
-6.066582000000039,-14.67362300000002,-66.77751900000001,-0.08251510225166607,-0.7022749803587199,0.7022763945719998,-0.08251651646494614
-6.837822999999958,-14.691643999999997,-66.75935999999999,-0.08251581898748633,-0.7022757694174028,0.7022757694174027,-0.08251440477404123
-6.837822999999958,-14.691643999999997,-66.75935999999999,-0.08251581898748633,-0.7022757694174028,0.7022757694174027,-0.08251440477404123
-7.603437999999983,-14.745960000000025,-66.74061599999999,-0.08251580935834736,-0.702274980359071,0.7022763945723509,-0.08251580935834736
-7.603437999999983,-14.745960000000025,-66.74061599999999,-0.08251580935834736,-0.702274980359071,0.7022763945723509,-0.08251580935834736
-8.372613000000001,-14.803178000000003,-66.72251399999999,-0.08251581898748633,-0.7022757694174028,0.7022757694174027,-0.08251440477404123
-8.372613000000001,-14.803178000000003,-66.72251399999999,-0.08251581898748633,-0.7022757694174028,0.7022757694174027,-0.08251440477404123
-9.141823000000045,-14.806140000000028,-66.703506,-0.08251511188076378,-0.7022750623106802,0.7022764765241254,-0.08251511188076378
-9.141823000000045,-14.806140000000028,-66.703506,-0.08251511188076378,-0.7022750623106802,0.7022764765241254,-0.08251511188076378
-9.91388900000004,-14.812024000000008,-66.685147,-0.0825151215097411,-0.7022758513684211,0.7022758513684211,-0.08251370729613097
-9.91388900000004,-14.812024000000008,-66.685147,-0.0825151215097411,-0.7022758513684211,0.7022758513684211,-0.08251370729613097
-10.681174000000055,-14.846429,-66.66623999999999,-0.08251511188076378,-0.7022750623106802,0.7022764765241254,-0.08251511188076378
-10.681174000000055,-14.846429,-66.66623999999999,-0.08251511188076378,-0.7022750623106802,0.7022764765241254,-0.08251511188076378
-11.451799000000051,-14.883732000000009,-66.647976,-0.0825151215097411,-0.7022758513684211,0.7022758513684211,-0.08251370729613097
-11.451799000000051,-14.883732000000009,-66.647976,-0.0825151215097411,-0.7022758513684211,0.7022758513684211,-0.08251370729613097
-12.22048099999995,-14.90813300000002,-66.629595,-0.08251512150969983,-0.7022751442612649,0.7022765584748749,-0.0825137072960897
-12.22048099999995,-14.90813300000002,-66.629595,-0.08251512150969983,-0.7022751442612649,0.7022765584748749,-0.0825137072960897
-12.992181999999957,-14.93545499999999,-66.611862,0.0825158286163811,0.7022765584738215,-0.7022751442602114,0.08251300018916087
-12.992181999999957,-14.93545499999999,-66.611862,0.0825158286163811,0.7022765584738215,-0.7022751442602114,0.08251300018916087
-13.758348999999953,-15.003533000000004,-66.594153,-0.0825151215097411,-0.7022758513684211,0.7022758513684211,-0.08251370729613097
-13.758348999999953,-15.003533000000004,-66.594153,-0.0825151215097411,-0.7022758513684211,0.7022758513684211,-0.08251370729613097
-14.528057999999987,-15.074480999999992,-66.577088,0.08251583824515547,0.7022766404224929,-0.702275226208718,0.08251159560383005
-14.528057999999987,-15.074480999999992,-66.577088,0.08251583824515547,0.7022766404224929,-0.702275226208718,0.08251159560383005
-15.297142000000008,-15.088094000000012,-66.559484,-0.08251513113851545,-0.7022759333177123,0.7022759333177122,-0.08251230271096516
-15.297142000000008,-15.088094000000012,-66.559484,-0.08251513113851545,-0.7022759333177123,0.7022759333177122,-0.08251230271096516
-16.068885000000023,-15.104571000000021,-66.54252399999999,0.08251514076708692,0.7022767223722466,-0.7022753081583065,0.08251089812526641
-16.068885000000023,-15.104571000000021,-66.54252399999999,0.08251514076708692,0.7022767223722466,-0.7022753081583065,0.08251089812526641
-16.831155999999964,-15.149393999999972,-66.523427,-0.0825151215097411,-0.7022758513684211,0.7022758513684211,-0.08251370729613097
-16.831155999999964,-15.149393999999972,-66.523427,-0.0825151215097411,-0.7022758513684211,0.7022758513684211,-0.08251370729613097
-17.598364999999944,-15.197197000000017,-66.504974,-0.08251580935838863,-0.7022756874660622,0.7022756874660622,-0.08251580935838863
-17.598364999999944,-15.197197000000017,-66.504974,-0.08251580935838863,-0.7022756874660622,0.7022756874660622,-0.08251580935838863
-20.383308000000056,-15.431187000000023,-66.50223600000001,-0.0825122690974025,-0.7022664548412956,0.7022834253996839,-0.08253206808218892
-20.383308000000056,-15.431187000000023,-66.50223600000001,-0.0825122690974025,-0.7022664548412956,0.7022834253996839,-0.08253206808218892
-23.20834100000002,-15.70316200000002,-66.50778500000001,-0.08251580935838863,-0.7022756874660622,0.7022756874660622,-0.08251580935838863
-23.20834100000002,-15.70316200000002,-66.50778500000001,-0.08251580935838863,-0.7022756874660622,0.7022756874660622,-0.08251580935838863
-26.84945700000003,-16.015201999999988,-66.63480100000001,-0.08251017191908126,-0.7022588821411472,0.7022899948406292,-0.08254269883217594
-26.84945700000003,-16.015201999999988,-66.63480100000001,-0.08251017191908126,-0.7022588821411472,0.7022899948406292,-0.08254269883217594
-30.553228999999988,-16.391850999999974,-66.77454800000001,-0.08251580935838863,-0.7022756874660622,0.7022756874660622,-0.08251580935838863
-30.553228999999988,-16.391850999999974,-66.77454800000001,-0.08251580935838863,-0.7022756874660622,0.7022756874660622,-0.08251580935838863
-34.29030999999998,-16.790143,-67.10522399999999,-0.08250945517673805,-0.7022580930239373,0.7022906199332335,-0.08254481051292951
-34.29030999999998,-16.790143,-67.10522399999999,-0.08250945517673805,-0.7022580930239373,0.7022906199332335,-0.08254481051292951
-38.09334000000001,-17.256939999999986,-67.447246,-0.08251511188080504,-0.7022757694177539,0.7022757694177539,-0.08251511188080504
-38.09334000000001,-17.256939999999986,-67.447246,-0.08251511188080504,-0.7022757694177539,0.7022757694177539,-0.08251511188080504
-41.444075999999995,-17.664515999999992,-68.03902299999999,-0.08251089829581652,-0.7022611674704793,0.7022880375353981,-0.08253918257467838
-41.444075999999995,-17.664515999999992,-68.03902299999999,-0.08251089829581652,-0.7022611674704793,0.7022880375353981,-0.08253918257467838
-44.84396300000003,-18.127723000000003,-68.636481,-0.08251511188080504,-0.7022757694177539,0.7022757694177539,-0.08251511188080504
-44.84396300000003,-18.127723000000003,-68.636481,-0.08251511188080504,-0.7022757694177539,0.7022757694177539,-0.08251511188080504
-47.47674600000005,-18.578315999999973,-69.512697,-0.08251227872798375,-0.7022665368077016,0.7022835073680708,-0.08253066350171696
-47.47674600000005,-18.578315999999973,-69.512697,-0.08251227872798375,-0.7022665368077016,0.7022835073680708,-0.08253066350171696
-50.14217199999996,-19.06483400000002,-70.38925599999999,-0.08251511188080504,-0.7022757694177539,0.7022757694177539,-0.08251511188080504
-50.14217199999996,-19.06483400000002,-70.38925599999999,-0.08251511188080504,-0.7022757694177539,0.7022757694177539,-0.08251511188080504
-51.880690999999956,-19.45116200000001,-71.569016,-0.08251443857604106,-0.7022711073553641,0.7022795926395107,-0.0825229238601876
-51.880690999999956,-19.45116200000001,-71.569016,-0.08251443857604106,-0.7022711073553641,0.7022795926395107,-0.0825229238601876
-53.637088999999946,-19.855151999999975,-72.74603,-0.08251511188080504,-0.7022757694177539,0.7022757694177539,-0.08251511188080504
-53.637088999999946,-19.855151999999975,-72.74603,-0.08251511188080504,-0.7022757694177539,0.7022757694177539,-0.08251511188080504
-54.34257400000001,-20.151524999999992,-74.239525,-0.08251509262240674,-0.7022748984053835,0.7022763126184985,-0.08251792104863678
-54.34257400000001,-20.151524999999992,-74.239525,-0.08251509262240674,-0.7022748984053835,0.7022763126184985,-0.08251792104863678
-55.055566999999996,-20.452309000000014,-75.72969,-0.08251511188080504,-0.7022757694177539,0.7022757694177539,-0.08251511188080504
-55.055566999999996,-20.452309000000014,-75.72969,-0.08251511188080504,-0.7022757694177539,0.7022757694177539,-0.08251511188080504
-54.61278100000004,-20.672863000000007,-77.558862,-0.08251511188080504,-0.7022757694177539,0.7022757694177539,-0.08251511188080504
-54.61278100000004,-20.672863000000007,-77.558862,-0.08251511188080504,-0.7022757694177539,0.7022757694177539,-0.08251511188080504
-54.175021000000015,-20.893282,-79.389786,-0.08251511188080504,-0.7022757694177539,0.7022757694177539,-0.08251511188080504
-54.175021000000015,-20.893282,-79.389786,-0.08251511188080504,-0.7022757694177539,0.7022757694177539,-0.08251511188080504
-52.55824199999995,-20.913082999999972,-81.598641,-0.08251509262228295,-0.7022741912977726,0.7022770197240027,-0.082517921048513
-52.55824199999995,-20.913082999999972,-81.598641,-0.08251509262228295,-0.7022741912977726,0.7022770197240027,-0.082517921048513
-50.95326899999998,-20.939070000000015,-83.819277,-0.08251511188080504,-0.7022757694177539,0.7022757694177539,-0.08251511188080504
-50.95326899999998,-20.939070000000015,-83.819277,-0.08251511188080504,-0.7022757694177539,0.7022757694177539,-0.08251511188080504
-48.114416000000006,-20.751621,-86.374841,-0.08251301472977163,-0.7022696111611457,0.7022809248720203,-0.08252574265450563
-48.114416000000006,-20.751621,-86.374841,-0.08251301472977163,-0.7022696111611457,0.7022809248720203,-0.08252574265450563
-45.30543,-20.589049999999986,-88.957559,-0.08251511188080504,-0.7022757694177539,0.7022757694177539,-0.08251511188080504
-45.30543,-20.589049999999986,-88.957559,-0.08251511188080504,-0.7022757694177539,0.7022757694177539,-0.08251511188080504
-41.22382900000002,-20.14846799999998,-91.864065,-0.08251088866592482,-0.7022617926160866,0.7022872484640913,-0.08254058715526365
-41.22382900000002,-20.14846799999998,-91.864065,-0.08251088866592482,-0.7022617926160866,0.7022872484640913,-0.08254058715526365
-37.20925299999999,-19.76568800000001,-94.81524,-0.08251511188080504,-0.7022757694177539,0.7022757694177539,-0.08251511188080504
-37.20925299999999,-19.76568800000001,-94.81524,-0.08251511188080504,-0.7022757694177539,0.7022757694177539,-0.08251511188080504
-34.516110000000026,-19.369744000000026,-96.718705,-0.0825130050996753,-0.7022695291992394,0.7022808429087936,-0.08252714723661812
-34.516110000000026,-19.369744000000026,-96.718705,-0.0825130050996753,-0.7022695291992394,0.7022808429087936,-0.08252714723661812
-31.855170000000044,-19.00029699999999,-98.641099,-0.08251511188080504,-0.7022757694177539,0.7022757694177539,-0.08251511188080504
-31.855170000000044,-19.00029699999999,-98.641099,-0.08251511188080504,-0.7022757694177539,0.7022757694177539,-0.08251511188080504
-29.93811000000005,-18.896740000000023,-99.862025,-0.08251444820626791,-0.7022718964242366,0.7022789674951839,-0.08252151927721527
-29.93811000000005,-18.896740000000023,-99.862025,-0.08251444820626791,-0.7022718964242366,0.7022789674951839,-0.08252151927721527
-28.034831000000054,-18.806978000000015,-101.092599,-0.08251511188080504,-0.7022757694177539,0.7022757694177539,-0.08251511188080504
-28.034831000000054,-18.806978000000015,-101.092599,-0.08251511188080504,-0.7022757694177539,0.7022757694177539,-0.08251511188080504
-26.614146000000005,-18.741408999999976,-101.88028,-0.08251438551531286,-0.7022734841877036,0.7022777268270487,-0.08251862815465791
-26.614146000000005,-18.741408999999976,-101.88028,-0.08251438551531286,-0.7022734841877036,0.7022777268270487,-0.08251862815465791
-25.201567999999952,-18.68372499999998,-102.672411,-0.08251511188080504,-0.7022757694177539,0.7022757694177539,-0.08251511188080504
-25.201567999999952,-18.68372499999998,-102.672411,-0.08251511188080504,-0.7022757694177539,0.7022757694177539,-0.08251511188080504
-24.079105000000027,-18.605547,-103.190766,-0.08251509262228295,-0.7022741912977726,0.7022770197240027,-0.082517921048513
-24.079105000000027,-18.605547,-103.190766,-0.08251509262228295,-0.7022741912977726,0.7022770197240027,-0.082517921048513
-22.962234999999964,-18.532579999999996,-103.711394,-0.08251511188080504,-0.7022757694177539,0.7022757694177539,-0.08251511188080504
-22.962234999999964,-18.532579999999996,-103.711394,-0.08251511188080504,-0.7022757694177539,0.7022757694177539,-0.08251511188080504
-22.009186,-18.526663999999982,-104.039126,-0.08251510225166607,-0.7022749803587199,0.7022763945719998,-0.08251651646494614
-22.009186,-18.526663999999982,-104.039126,-0.08251510225166607,-0.7022749803587199,0.7022763945719998,-0.08251651646494614
-21.05983900000001,-18.524561000000006,-104.368253,-0.08251511188080504,-0.7022757694177539,0.7022757694177539,-0.08251511188080504
-21.05983900000001,-18.524561000000006,-104.368253,-0.08251511188080504,-0.7022757694177539,0.7022757694177539,-0.08251511188080504
-20.22610499999996,-18.461681,-104.59601,-0.08251510225166607,-0.7022749803587199,0.7022763945719998,-0.08251651646494614
-20.22610499999996,-18.461681,-104.59601,-0.08251510225166607,-0.7022749803587199,0.7022763945719998,-0.08251651646494614
-19.39594599999998,-18.401868999999976,-104.824574,-0.08251511188080504,-0.7022757694177539,0.7022757694177539,-0.08251511188080504
-19.39594599999998,-18.401868999999976,-104.824574,-0.08251511188080504,-0.7022757694177539,0.7022757694177539,-0.08251511188080504
-18.625522000000046,-18.315084000000013,-104.987593,-0.08251510225166607,-0.7022749803587199,0.7022763945719998,-0.08251651646494614
-18.625522000000046,-18.315084000000013,-104.987593,-0.08251510225166607,-0.7022749803587199,0.7022763945719998,-0.08251651646494614
-17.85792600000002,-18.231022999999993,-105.151295,-0.08251511188080504,-0.7022757694177539,0.7022757694177539,-0.08251511188080504
-17.85792600000002,-18.231022999999993,-105.151295,-0.08251511188080504,-0.7022757694177539,0.7022757694177539,-0.08251511188080504
-17.115365999999995,-18.212256000000025,-105.252094,-0.08251510225166607,-0.7022749803587199,0.7022763945719998,-0.08251651646494614
-17.115365999999995,-18.212256000000025,-105.252094,-0.08251510225166607,-0.7022749803587199,0.7022763945719998,-0.08251651646494614
-16.375628000000006,-18.196054000000004,-105.353351,-0.08251511188080504,-0.7022757694177539,0.7022757694177539,-0.08251511188080504
-16.375628000000006,-18.196054000000004,-105.353351,-0.08251511188080504,-0.7022757694177539,0.7022757694177539,-0.08251511188080504
-15.648026999999956,-18.223134000000016,-105.413442,-0.08251510225166607,-0.7022749803587199,0.7022763945719998,-0.08251651646494614
-15.648026999999956,-18.223134000000016,-105.413442,-0.08251510225166607,-0.7022749803587199,0.7022763945719998,-0.08251651646494614
-14.922684000000004,-18.252644999999973,-105.473945,-0.08251511188080504,-0.7022757694177539,0.7022757694177539,-0.08251511188080504
-14.922684000000004,-18.252644999999973,-105.473945,-0.08251511188080504,-0.7022757694177539,0.7022757694177539,-0.08251511188080504
-14.199711999999977,-18.251509999999996,-105.517903,-0.08251510225166607,-0.7022749803587199,0.7022763945719998,-0.08251651646494614
-14.199711999999977,-18.251509999999996,-105.517903,-0.08251510225166607,-0.7022749803587199,0.7022763945719998,-0.08251651646494614
-13.479088000000047,-18.252882,-105.562219,-0.08251511188080504,-0.7022757694177539,0.7022757694177539,-0.08251511188080504
-13.479088000000047,-18.252882,-105.562219,-0.08251511188080504,-0.7022757694177539,0.7022757694177539,-0.08251511188080504
-12.758425999999986,-18.302705000000003,-105.577901,-0.08251510225166607,-0.7022749803587199,0.7022763945719998,-0.08251651646494614
-12.758425999999986,-18.302705000000003,-105.577901,-0.08251510225166607,-0.7022749803587199,0.7022763945719998,-0.08251651646494614
-12.039712000000009,-18.354963999999995,-105.59391,-0.08251511188080504,-0.7022757694177539,0.7022757694177539,-0.08251511188080504
-12.039712000000009,-18.354963999999995,-105.59391,-0.08251511188080504,-0.7022757694177539,0.7022757694177539,-0.08251511188080504
-11.313473000000045,-18.350409000000013,-105.614088,-0.08251510225166607,-0.7022749803587199,0.7022763945719998,-0.08251651646494614
-11.313473000000045,-18.350409000000013,-105.614088,-0.08251510225166607,-0.7022749803587199,0.7022763945719998,-0.08251651646494614
-10.589510000000018,-18.348423000000025,-105.634597,-0.08251511188080504,-0.7022757694177539,0.7022757694177539,-0.08251511188080504
-10.589510000000018,-18.348423000000025,-105.634597,-0.08251511188080504,-0.7022757694177539,0.7022757694177539,-0.08251511188080504
-9.863801999999964,-18.397806000000003,-105.639331,-0.08251510225166607,-0.7022749803587199,0.7022763945719998,-0.08251651646494614
-9.863801999999964,-18.397806000000003,-105.639331,-0.08251510225166607,-0.7022749803587199,0.7022763945719998,-0.08251651646494614
-9.140430000000038,-18.449738000000025,-105.644352,-0.08251511188080504,-0.7022757694177539,0.7022757694177539,-0.08251511188080504
-9.140430000000038,-18.449738000000025,-105.644352,-0.08251511188080504,-0.7022757694177539,0.7022757694177539,-0.08251511188080504
-8.41262800000004,-18.542528000000004,-105.63643,-0.08251510225166607,-0.7022749803587199,0.7022763945719998,-0.08251651646494614
-8.41262800000004,-18.542528000000004,-105.63643,-0.08251510225166607,-0.7022749803587199,0.7022763945719998,-0.08251651646494614
-7.686894000000052,-18.637868000000026,-105.628774,-0.08251511188080504,-0.7022757694177539,0.7022757694177539,-0.08251511188080504
-7.686894000000052,-18.637868000000026,-105.628774,-0.08251511188080504,-0.7022757694177539,0.7022757694177539,-0.08251511188080504
-6.952737999999954,-18.733124999999973,-105.620182,-0.08251510225166607,-0.7022749803587199,0.7022763945719998,-0.08251651646494614
-6.952737999999954,-18.733124999999973,-105.620182,-0.08251510225166607,-0.7022749803587199,0.7022763945719998,-0.08251651646494614
-6.2210999999999785,-18.830978000000016,-105.611853,-0.08251511188080504,-0.7022757694177539,0.7022757694177539,-0.08251511188080504
-6.2210999999999785,-18.830978000000016,-105.611853,-0.08251511188080504,-0.7022757694177539,0.7022757694177539,-0.08251511188080504
-5.489669000000049,-18.971328000000028,-105.590512,-0.08251510225166607,-0.7022749803587199,0.7022763945719998,-0.08251651646494614
-5.489669000000049,-18.971328000000028,-105.590512,-0.08251510225166607,-0.7022749803587199,0.7022763945719998,-0.08251651646494614
-4.759881999999948,-19.114255000000014,-105.569416,-0.08251511188080504,-0.7022757694177539,0.7022757694177539,-0.08251511188080504
-4.759881999999948,-19.114255000000014,-105.569416,-0.08251511188080504,-0.7022757694177539,0.7022757694177539,-0.08251511188080504
-4.01250600000003,-19.176391000000024,-105.569767,-0.08251510225166607,-0.7022749803587199,0.7022763945719998,-0.08251651646494614
-4.01250600000003,-19.176391000000024,-105.569767,-0.08251510225166607,-0.7022749803587199,0.7022763945719998,-0.08251651646494614
-3.268004000000019,-19.24122399999999,-105.570424,-0.08251511188080504,-0.7022757694177539,0.7022757694177539,-0.08251511188080504
-3.268004000000019,-19.24122399999999,-105.570424,-0.08251511188080504,-0.7022757694177539,0.7022757694177539,-0.08251511188080504
-2.519873999999959,-19.338289999999972,-105.561262,-0.08251510225166607,-0.7022749803587199,0.7022763945719998,-0.08251651646494614
-2.519873999999959,-19.338289999999972,-105.561262,-0.08251510225166607,-0.7022749803587199,0.7022763945719998,-0.08251651646494614
-1.7744910000000118,-19.43803700000001,-105.552393,-0.08251511188080504,-0.7022757694177539,0.7022757694177539,-0.08251511188080504
-1.7744910000000118,-19.43803700000001,-105.552393,-0.08251511188080504,-0.7022757694177539,0.7022757694177539,-0.08251511188080504
-1.0254119999999602,-19.54839199999998,-105.5407,-0.08251510225166607,-0.7022749803587199,0.7022763945719998,-0.08251651646494614
-1.0254119999999602,-19.54839199999998,-105.5407,-0.08251510225166607,-0.7022749803587199,0.7022763945719998,-0.08251651646494614
-0.27897299999995084,-19.66138699999999,-105.529314,-0.08251511188080504,-0.7022757694177539,0.7022757694177539,-0.08251511188080504
-0.27897299999995084,-19.66138699999999,-105.529314,-0.08251511188080504,-0.7022757694177539,0.7022757694177539,-0.08251511188080504
0.4872920000000249,-19.700739999999996,-105.538016,-0.08251510225166607,-0.7022749803587199,0.7022763945719998,-0.08251651646494614
0.4872920000000249,-19.700739999999996,-105.538016,-0.08251510225166607,-0.7022749803587199,0.7022763945719998,-0.08251651646494614
1.2507980000000316,-19.743006999999977,-105.547068,-0.08251511188080504,-0.7022757694177539,0.7022757694177539,-0.08251511188080504
1.2507980000000316,-19.743006999999977,-105.547068,-0.08251511188080504,-0.7022757694177539,0.7022757694177539,-0.08251511188080504
2.0129689999999982,-19.81006400000001,-105.54848,-0.08251510225166607,-0.7022749803587199,0.7022763945719998,-0.08251651646494614
2.0129689999999982,-19.81006400000001,-105.54848,-0.08251510225166607,-0.7022749803587199,0.7022763945719998,-0.08251651646494614
2.7724210000000085,-19.88000199999999,-105.55022,-0.08251511188080504,-0.7022757694177539,0.7022757694177539,-0.08251511188080504
2.7724210000000085,-19.88000199999999,-105.55022,-0.08251511188080504,-0.7022757694177539,0.7022757694177539,-0.08251511188080504
3.5270719999999756,-19.97781500000002,-105.542122,-0.08251510225166607,-0.7022749803587199,0.7022763945719998,-0.08251651646494614
3.5270719999999756,-19.97781500000002,-105.542122,-0.08251510225166607,-0.7022749803587199,0.7022763945719998,-0.08251651646494614
4.278924999999958,-20.078446999999983,-105.534323,-0.08251511188080504,-0.7022757694177539,0.7022757694177539,-0.08251511188080504
4.278924999999958,-20.078446999999983,-105.534323,-0.08251511188080504,-0.7022757694177539,0.7022757694177539,-0.08251511188080504
5.021750999999995,-20.228871000000026,-105.510996,-0.08251510225166607,-0.7022749803587199,0.7022763945719998,-0.08251651646494614
5.021750999999995,-20.228871000000026,-105.510996,-0.08251510225166607,-0.7022749803587199,0.7022763945719998,-0.08251651646494614
5.7622029999999995,-20.381932000000006,-105.487954,-0.08251511188080504,-0.7022757694177539,0.7022757694177539,-0.08251511188080504
5.7622029999999995,-20.381932000000006,-105.487954,-0.08251511188080504,-0.7022757694177539,0.7022757694177539,-0.08251511188080504
6.5175160000000005,-20.439035999999987,-105.491267,-0.08251510225166607,-0.7022749803587199,0.7022763945719998,-0.08251651646494614
6.5175160000000005,-20.439035999999987,-105.491267,-0.08251510225166607,-0.7022749803587199,0.7022763945719998,-0.08251651646494614
7.2699720000000525,-20.498981000000015,-105.494921,-0.08251511188080504,-0.7022757694177539,0.7022757694177539,-0.08251511188080504
7.2699720000000525,-20.498981000000015,-105.494921,-0.08251511188080504,-0.7022757694177539,0.7022757694177539,-0.08251511188080504
8.021061000000032,-20.53958399999999,-105.503235,-0.08251510225166607,-0.7022749803587199,0.7022763945719998,-0.08251651646494614
8.021061000000032,-20.53958399999999,-105.503235,-0.08251510225166607,-0.7022749803587199,0.7022763945719998,-0.08251651646494614
8.76865399999997,-20.583009000000004,-105.511883,-0.08251511188080504,-0.7022757694177539,0.7022757694177539,-0.08251511188080504
8.76865399999997,-20.583009000000004,-105.511883,-0.08251511188080504,-0.7022757694177539,0.7022757694177539,-0.08251511188080504
9.512712999999962,-20.647332000000006,-105.513342,-0.08251510225166607,-0.7022749803587199,0.7022763945719998,-0.08251651646494614
9.512712999999962,-20.647332000000006,-105.513342,-0.08251510225166607,-0.7022749803587199,0.7022763945719998,-0.08251651646494614
10.253736000000004,-20.714425000000006,-105.515129,-0.08251511188080504,-0.7022757694177539,0.7022757694177539,-0.08251511188080504
10.253736000000004,-20.714425000000006,-105.515129,-0.08251511188080504,-0.7022757694177539,0.7022757694177539,-0.08251511188080504
10.992212999999992,-20.767342999999983,-105.521309,-0.08251510225166607,-0.7022749803587199,0.7022763945719998,-0.08251651646494614
10.992212999999992,-20.767342999999983,-105.521309,-0.08251510225166607,-0.7022749803587199,0.7022763945719998,-0.08251651646494614
11.727604000000042,-20.82297699999998,-105.527829,-0.08251511188080504,-0.7022757694177539,0.7022757694177539,-0.08251511188080504
11.727604000000042,-20.82297699999998,-105.527829,-0.08251511188080504,-0.7022757694177539,0.7022757694177539,-0.08251511188080504
12.457758000000013,-20.815215000000023,-105.551944,0.08251581898744506,0.7022764765237742,-0.7022750623103291,0.08251440477399996
12.457758000000013,-20.815215000000023,-105.551944,0.08251581898744506,0.7022764765237742,-0.7022750623103291,0.08251440477399996
13.184642000000053,-20.810219000000018,-105.576397,0.0825158382448254,0.7022780546334589,-0.7022738119921337,0.0825115956035
13.184642000000053,-20.810219000000018,-105.576397,0.0825158382448254,0.7022780546334589,-0.7022738119921337,0.0825115956035
13.91162399999996,-20.813581,-105.595779,0.08251582861625732,0.7022772655795733,-0.7022744371523528,0.0825130001890371
13.91162399999996,-20.813581,-105.595779,0.08251582861625732,0.7022772655795733,-0.7022744371523528,0.0825130001890371
14.635506999999961,-20.819733999999983,-105.615488,0.0825165357226498,0.702277972682867,-0.7022737300420365,0.0825122930818195
14.635506999999961,-20.819733999999983,-105.615488,0.0825165357226498,0.702277972682867,-0.7022737300420365,0.0825122930818195
15.35008700000003,-20.880921999999998,-105.61948,0.08251582861625732,0.7022772655795733,-0.7022744371523528,0.0825130001890371
15.35008700000003,-20.880921999999998,-105.61948,0.08251582861625732,0.7022772655795733,-0.7022744371523528,0.0825130001890371
16.061544000000026,-20.944740000000024,-105.623763,0.0825165357226498,0.702277972682867,-0.7022737300420365,0.0825122930818195
16.061544000000026,-20.944740000000024,-105.623763,0.0825165357226498,0.702277972682867,-0.7022737300420365,0.0825122930818195
16.776553000000035,-21.031833000000006,-105.616671,0.08251582861625732,0.7022772655795733,-0.7022744371523528,0.0825130001890371
16.776553000000035,-21.031833000000006,-105.616671,0.08251582861625732,0.7022772655795733,-0.7022744371523528,0.0825130001890371
17.488632000000052,-21.121389000000022,-105.60991,0.0825165357226498,0.702277972682867,-0.7022737300420365,0.0825122930818195
17.488632000000052,-21.121389000000022,-105.60991,0.0825165357226498,0.702277972682867,-0.7022737300420365,0.0825122930818195
18.19417999999996,-21.04755899999998,-105.649008,0.08251582861625732,0.7022772655795733,-0.7022744371523528,0.0825130001890371
18.19417999999996,-21.04755899999998,-105.649008,0.08251582861625732,0.7022772655795733,-0.7022744371523528,0.0825130001890371
18.896439999999984,-20.97639099999998,-105.688447,0.0825165357226498,0.702277972682867,-0.7022737300420365,0.0825122930818195
18.896439999999984,-20.97639099999998,-105.688447,0.0825165357226498,0.702277972682867,-0.7022737300420365,0.0825122930818195
19.606696000000056,-20.90914600000002,-105.723344,0.08251582861625732,0.7022772655795733,-0.7022744371523528,0.0825130001890371
19.606696000000056,-20.90914600000002,-105.723344,0.08251582861625732,0.7022772655795733,-0.7022744371523528,0.0825130001890371
20.313229999999976,-20.844711000000018,-105.758536,0.0825158382448254,0.7022780546334589,-0.7022738119921337,0.0825115956035
20.313229999999976,-20.844711000000018,-105.758536,0.0825158382448254,0.7022780546334589,-0.7022738119921337,0.0825115956035
21.042476999999963,-20.844968999999992,-105.771895,-0.08251581898748633,-0.7022757694174028,0.7022757694174027,-0.08251440477404123
21.042476999999963,-20.844968999999992,-105.771895,-0.08251581898748633,-0.7022757694174028,0.7022757694174027,-0.08251440477404123
21.767991000000052,-20.84799400000003,-105.785593,-0.08251511188080504,-0.7022757694177539,0.7022757694177539,-0.08251511188080504
21.767991000000052,-20.84799400000003,-105.785593,-0.08251511188080504,-0.7022757694177539,0.7022757694177539,-0.08251511188080504
22.488031999999976,-20.762043000000006,-105.825994,-0.08251510225166607,-0.7022749803587199,0.7022763945719998,-0.08251651646494614
22.488031999999976,-20.762043000000006,-105.825994,-0.08251510225166607,-0.7022749803587199,0.7022763945719998,-0.08251651646494614
23.20384899999999,-20.679002000000025,-105.866699,-0.08251511188080504,-0.7022757694177539,0.7022757694177539,-0.08251511188080504
23.20384899999999,-20.679002000000025,-105.866699,-0.08251511188080504,-0.7022757694177539,0.7022757694177539,-0.08251511188080504
23.928578000000016,-20.597071000000028,-105.904372,-0.08251510225166607,-0.7022749803587199,0.7022763945719998,-0.08251651646494614
23.928578000000016,-20.597071000000028,-105.904372,-0.08251510225166607,-0.7022749803587199,0.7022763945719998,-0.08251651646494614
24.648702999999955,-20.518166000000008,-105.942321,-0.08251511188080504,-0.7022757694177539,0.7022757694177539,-0.08251511188080504
24.648702999999955,-20.518166000000008,-105.942321,-0.08251511188080504,-0.7022757694177539,0.7022757694177539,-0.08251511188080504
25.384044000000017,-20.476831000000004,-105.967043,-0.08251510225166607,-0.7022749803587199,0.7022763945719998,-0.08251651646494614
25.384044000000017,-20.476831000000004,-105.967043,-0.08251510225166607,-0.7022749803587199,0.7022763945719998,-0.08251651646494614
26.114837999999963,-20.438571000000024,-105.992046,-0.08251511188080504,-0.7022757694177539,0.7022757694177539,-0.08251511188080504
26.114837999999963,-20.438571000000024,-105.992046,-0.08251511188080504,-0.7022757694177539,0.7022757694177539,-0.08251511188080504
26.853920000000016,-20.422594000000004,-106.012771,-0.08251510225166607,-0.7022749803587199,0.7022763945719998,-0.08251651646494614
26.853920000000016,-20.422594000000004,-106.012771,-0.08251510225166607,-0.7022749803587199,0.7022763945719998,-0.08251651646494614
27.589275000000043,-20.409627999999998,-106.033809,-0.08251511188080504,-0.7022757694177539,0.7022757694177539,-0.08251511188080504
27.589275000000043,-20.409627999999998,-106.033809,-0.08251511188080504,-0.7022757694177539,0.7022757694177539,-0.08251511188080504
28.320554000000016,-20.350387000000012,-106.05658,-0.08251510225166607,-0.7022749803587199,0.7022763945719998,-0.08251651646494614
28.320554000000016,-20.350387000000012,-106.05658,-0.08251510225166607,-0.7022749803587199,0.7022763945719998,-0.08251651646494614
29.049643999999944,-20.293971999999997,-106.079697,-0.08251580935838863,-0.7022756874660622,0.7022756874660622,-0.08251580935838863
29.049643999999944,-20.293971999999997,-106.079697,-0.08251580935838863,-0.7022756874660622,0.7022756874660622,-0.08251580935838863
31.853147000000035,-20.001548000000014,-106.182601,-0.0825101285130688,-0.7022669979819975,0.7022825543235548,-0.08253699855757671
31.853147000000035,-20.001548000000014,-106.182601,-0.0825101285130688,-0.7022669979819975,0.7022825543235548,-0.08253699855757671
34.58764599999995,-19.755359,-106.289017,-0.08251580935838863,-0.7022756874660622,0.7022756874660622,-0.08251580935838863
34.58764599999995,-19.755359,-106.289017,-0.08251580935838863,-0.7022756874660622,0.7022756874660622,-0.08251580935838863
38.24296500000003,-19.700447999999994,-106.482642,-0.08250660747696466,-0.7022579289821491,0.7022904558838472,-0.08255044808360125
38.24296500000003,-19.700447999999994,-106.482642,-0.08250660747696466,-0.7022579289821491,0.7022904558838472,-0.08255044808360125
41.77994899999999,-19.724437000000023,-106.682908,-0.08251580935838863,-0.7022756874660622,0.7022756874660622,-0.08251580935838863
41.77994899999999,-19.724437000000023,-106.682908,-0.08251580935838863,-0.7022756874660622,0.7022756874660622,-0.08251580935838863
45.45439099999999,-19.952142999999978,-107.037122,-0.08250660747090043,-0.7022558076108573,0.7022925771519046,-0.0825504480775338
45.45439099999999,-19.952142999999978,-107.037122,-0.08250660747090043,-0.7022558076108573,0.7022925771519046,-0.0825504480775338
49.00002800000004,-20.260613999999975,-107.399214,-0.08251511188080504,-0.7022757694177539,0.7022757694177539,-0.08251511188080504
49.00002800000004,-20.260613999999975,-107.399214,-0.08251511188080504,-0.7022757694177539,0.7022757694177539,-0.08251511188080504
52.311838999999964,-20.65201000000002,-107.982023,-0.08250806022232093,-0.7022582569450523,0.7022907838619409,-0.08254341556676503
52.311838999999964,-20.65201000000002,-107.982023,-0.08250806022232093,-0.7022582569450523,0.7022907838619409,-0.08254341556676503
55.51100599999995,-21.110411999999997,-108.573193,-0.08251511188080504,-0.7022757694177539,0.7022757694177539,-0.08251511188080504
55.51100599999995,-21.110411999999997,-108.573193,-0.08251511188080504,-0.7022757694177539,0.7022757694177539,-0.08251511188080504
58.11077899999998,-21.752880000000005,-109.444495,-0.08251087413810829,-0.7022637902880878,0.7022864177045525,-0.0825306731275148
58.11077899999998,-21.752880000000005,-109.444495,-0.08251087413810829,-0.7022637902880878,0.7022864177045525,-0.0825306731275148
60.64243699999997,-22.434607000000028,-110.324279,-0.08251511188080504,-0.7022757694177539,0.7022757694177539,-0.08251511188080504
60.64243699999997,-22.434607000000028,-110.324279,-0.08251511188080504,-0.7022757694177539,0.7022757694177539,-0.08251511188080504
62.33833900000002,-23.022706000000028,-111.536174,0.0825539841054853,0.7022989453233185,-0.7022353057326625,0.08262328054864403
62.33833900000002,-23.022706000000028,-111.536174,0.0825539841054853,0.7022989453233185,-0.7022353057326625,0.08262328054864403
63.988607,-23.691382999999973,-112.860723,-0.08251511188080504,-0.7022757694177539,0.7022757694177539,-0.08251511188080504
63.988607,-23.691382999999973,-112.860723,-0.08251511188080504,-0.7022757694177539,0.7022757694177539,-0.08251511188080504
64.68486800000005,-24.049818000000016,-114.379496,0.08255471998751497,0.702289290623041,-0.7022539352825752,0.08254623470580319
64.68486800000005,-24.049818000000016,-114.379496,0.08255471998751497,0.702289290623041,-0.7022539352825752,0.08254623470580319
65.38716499999998,-24.40005500000001,-115.958108,-0.08251231233953661,-0.7022753081611156,0.7022767223750558,-0.0825137265534768
65.38716499999998,-24.40005500000001,-115.958108,-0.08251231233953661,-0.7022753081611156,0.7022767223750558,-0.0825137265534768
65.02227500000004,-24.509623999999974,-117.859286,-0.0825136638600804,-0.702274774576873,0.7022776030026044,-0.0825094212214834
65.02227500000004,-24.509623999999974,-117.859286,-0.0825136638600804,-0.702274774576873,0.7022776030026044,-0.0825094212214834
64.64825499999995,-24.613466000000017,-119.755243,-0.08251231233953661,-0.7022753081611156,0.7022767223750558,-0.0825137265534768
64.64825499999995,-24.613466000000017,-119.755243,-0.08251231233953661,-0.7022753081611156,0.7022767223750558,-0.0825137265534768
63.21545000000003,-24.445960000000014,-121.941311,0.08251509302561646,0.7022883368617059,-0.7022515673205357,0.08261408794415201
63.21545000000003,-24.445960000000014,-121.941311,0.08251509302561646,0.7022883368617059,-0.7022515673205357,0.08261408794415201
61.69314899999995,-24.390804000000003,-124.186209,-0.08251440477404125,-0.7022757694174029,0.7022757694174028,-0.08251581898748635
61.69314899999995,-24.390804000000003,-124.186209,-0.08251440477404125,-0.7022757694174029,0.7022757694174028,-0.08251581898748635
59.03003000000001,-24.23198400000001,-126.600786,0.08255611737813734,0.702328038379607,-0.7021795459799102,0.08284744532420929
59.03003000000001,-24.23198400000001,-126.600786,0.08255611737813734,0.702328038379607,-0.7021795459799102,0.08284744532420929
56.127294000000006,-24.410157000000027,-129.248196,-0.08251300981793523,-0.7022752262115269,0.7022766404253021,-0.08251442403171039
56.127294000000006,-24.410157000000027,-129.248196,-0.08251300981793523,-0.7022752262115269,0.7022766404253021,-0.08251442403171039
52.11424199999999,-24.296962000000008,-132.128763,-0.08249531792111642,-0.7022524777020549,0.7022920756809313,-0.08259431286830717
52.11424199999999,-24.296962000000008,-132.128763,-0.08249531792111642,-0.7022524777020549,0.7022920756809313,-0.08259431286830717
47.86070500000005,-24.339188999999976,-134.97949,-0.08251511188080504,-0.7022757694177539,0.7022757694177539,-0.08251511188080504
47.86070500000005,-24.339188999999976,-134.97949,-0.08251511188080504,-0.7022757694177539,0.7022757694177539,-0.08251511188080504
45.14520900000002,-24.707809999999995,-136.80480699999998,-0.08250806987057059,-0.7022668243487242,0.7022823807020989,-0.08254201100520592
45.14520900000002,-24.707809999999995,-136.80480699999998,-0.08250806987057059,-0.7022668243487242,0.7022823807020989,-0.08254201100520592
42.331443000000036,-25.131849999999986,-138.609785,-0.08251511188080504,-0.7022757694177539,0.7022757694177539,-0.08251511188080504
42.331443000000036,-25.131849999999986,-138.609785,-0.08251511188080504,-0.7022757694177539,0.7022757694177539,-0.08251511188080504
40.43424200000004,-25.560817999999983,-139.771115,-0.08251229799394207,-0.7022723576361084,0.7022780144908857,-0.08252785434457938
40.43424200000004,-25.560817999999983,-139.771115,-0.08251229799394207,-0.7022723576361084,0.7022780144908857,-0.08252785434457938
38.48960499999998,-26.015960000000007,-140.924056,-0.08251511188080504,-0.7022757694177539,0.7022757694177539,-0.08251511188080504
38.48960499999998,-26.015960000000007,-140.924056,-0.08251511188080504,-0.7022757694177539,0.7022757694177539,-0.08251511188080504
37.083504999999946,-26.36100399999998,-141.67565,-0.08251374109958572,-0.7022740177490321,0.7022768461774112,-0.08252222638472262
37.083504999999946,-26.36100399999998,-141.67565,-0.08251374109958572,-0.7022740177490321,0.7022768461774112,-0.08252222638472262
35.653977000000054,-26.719516999999996,-142.42276900000002,-0.08251511188080504,-0.7022757694177539,0.7022757694177539,-0.08251511188080504
35.653977000000054,-26.719516999999996,-142.42276900000002,-0.08251511188080504,-0.7022757694177539,0.7022757694177539,-0.08251511188080504
34.537671000000046,-26.973078999999984,-142.912195,-0.0825143758862219,-0.7022748164482133,0.7022762306611633,-0.08252003273802183
34.537671000000046,-26.973078999999984,-142.912195,-0.0825143758862219,-0.7022748164482133,0.7022762306611633,-0.08252003273802183
33.40791899999999,-27.234758999999997,-143.39927699999998,-0.08251511188080504,-0.7022757694177539,0.7022757694177539,-0.08251511188080504
33.40791899999999,-27.234758999999997,-143.39927699999998,-0.08251511188080504,-0.7022757694177539,0.7022757694177539,-0.08251511188080504
32.47331699999995,-27.474092999999982,-143.712681,-0.08251509262240674,-0.7022748984053835,0.7022763126184985,-0.08251792104863678
32.47331699999995,-27.474092999999982,-143.712681,-0.08251509262240674,-0.7022748984053835,0.7022763126184985,-0.08251792104863678
31.529611000000045,-27.719015000000013,-144.024752,-0.08251511188080504,-0.7022757694177539,0.7022757694177539,-0.08251511188080504
31.529611000000045,-27.719015000000013,-144.024752,-0.08251511188080504,-0.7022757694177539,0.7022757694177539,-0.08251511188080504
30.73539100000005,-27.989975000000015,-144.22581,-0.08251509262244798,-0.7022756055122921,0.7022756055122922,-0.08251792104867803
30.73539100000005,-27.989975000000015,-144.22581,-0.08251509262244798,-0.7022756055122921,0.7022756055122922,-0.08251792104867803
29.934435000000008,-28.264859,-144.426008,-0.08251511188080504,-0.7022757694177539,0.7022757694177539,-0.08251511188080504
29.934435000000008,-28.264859,-144.426008,-0.08251511188080504,-0.7022757694177539,0.7022757694177539,-0.08251511188080504
29.206398000000036,-28.486853999999994,-144.563288,-0.08251510225170733,-0.702275687465711,0.7022756874657109,-0.0825165164649874
29.206398000000036,-28.486853999999994,-144.563288,-0.08251510225170733,-0.702275687465711,0.7022756874657109,-0.0825165164649874
28.473049999999944,-28.71212300000002,-144.700015,-0.08251511188080504,-0.7022757694177539,0.7022757694177539,-0.08251511188080504
28.473049999999944,-28.71212300000002,-144.700015,-0.08251511188080504,-0.7022757694177539,0.7022757694177539,-0.08251511188080504
27.79660100000001,-28.967624999999998,-144.78194200000002,-0.08251510225170733,-0.702275687465711,0.7022756874657109,-0.0825165164649874
27.79660100000001,-28.967624999999998,-144.78194200000002,-0.08251510225170733,-0.702275687465711,0.7022756874657109,-0.0825165164649874
27.115639999999985,-29.225716999999975,-144.86345,-0.08251511188080504,-0.7022757694177539,0.7022757694177539,-0.08251511188080504
27.115639999999985,-29.225716999999975,-144.86345,-0.08251511188080504,-0.7022757694177539,0.7022757694177539,-0.08251511188080504
26.41639399999997,-29.33576599999998,-144.92119,-0.08251510225166607,-0.7022749803587199,0.7022763945719998,-0.08251651646494614
26.41639399999997,-29.33576599999998,-144.92119,-0.08251510225166607,-0.7022749803587199,0.7022763945719998,-0.08251651646494614
25.713611000000014,-29.448487,-144.978696,-0.08251511188080504,-0.7022757694177539,0.7022757694177539,-0.08251511188080504
25.713611000000014,-29.448487,-144.978696,-0.08251511188080504,-0.7022757694177539,0.7022757694177539,-0.08251511188080504
25.019587,-29.54266100000001,-145.011755,-0.08251510225166607,-0.7022749803587199,0.7022763945719998,-0.08251651646494614
25.019587,-29.54266100000001,-145.011755,-0.08251510225166607,-0.7022749803587199,0.7022763945719998,-0.08251651646494614
24.322039000000018,-29.63955900000002,-145.044663,-0.08251511188080504,-0.7022757694177539,0.7022757694177539,-0.08251511188080504
24.322039000000018,-29.63955900000002,-145.044663,-0.08251511188080504,-0.7022757694177539,0.7022757694177539,-0.08251511188080504
23.65074100000004,-29.826039999999978,-145.041267,-0.08251510225170733,-0.702275687465711,0.7022756874657109,-0.0825165164649874
23.65074100000004,-29.826039999999978,-145.041267,-0.08251510225170733,-0.702275687465711,0.7022756874657109,-0.0825165164649874
22.97549300000003,-30.015070999999978,-145.037769,-0.08251511188080504,-0.7022757694177539,0.7022757694177539,-0.08251511188080504
22.97549300000003,-30.015070999999978,-145.037769,-0.08251511188080504,-0.7022757694177539,0.7022757694177539,-0.08251511188080504
22.304423000000043,-30.211134000000015,-145.017811,-0.08251510225170733,-0.702275687465711,0.7022756874657109,-0.0825165164649874
22.304423000000043,-30.211134000000015,-145.017811,-0.08251510225170733,-0.702275687465711,0.7022756874657109,-0.0825165164649874
21.628908000000024,-30.409812999999986,-144.997789,-0.08251511188080504,-0.7022757694177539,0.7022757694177539,-0.08251511188080504
21.628908000000024,-30.409812999999986,-144.997789,-0.08251511188080504,-0.7022757694177539,0.7022757694177539,-0.08251511188080504
20.942148999999972,-30.55756600000001,-144.975237,-0.08251510225170733,-0.702275687465711,0.7022756874657109,-0.0825165164649874
20.942148999999972,-30.55756600000001,-144.975237,-0.08251510225170733,-0.702275687465711,0.7022756874657109,-0.0825165164649874
20.251620000000003,-30.707801000000018,-144.952698,-0.08251511188080504,-0.7022757694177539,0.7022757694177539,-0.08251511188080504
20.251620000000003,-30.707801000000018,-144.952698,-0.08251511188080504,-0.7022757694177539,0.7022757694177539,-0.08251511188080504
19.547690999999986,-30.77881100000002,-144.935653,-0.08251510225166607,-0.7022749803587199,0.7022763945719998,-0.08251651646494614
19.547690999999986,-30.77881100000002,-144.935653,-0.08251510225166607,-0.7022749803587199,0.7022763945719998,-0.08251651646494614
18.840319000000022,-30.852442999999994,-144.918652,-0.08251511188080504,-0.7022757694177539,0.7022757694177539,-0.08251511188080504
18.840319000000022,-30.852442999999994,-144.918652,-0.08251511188080504,-0.7022757694177539,0.7022757694177539,-0.08251511188080504
18.133126999999945,-30.947708999999975,-144.889791,-0.08251510225166607,-0.7022749803587199,0.7022763945719998,-0.08251651646494614
18.133126999999945,-30.947708999999975,-144.889791,-0.08251510225166607,-0.7022749803587199,0.7022763945719998,-0.08251651646494614
17.422384999999963,-31.04549300000002,-144.86102,-0.08251511188080504,-0.7022757694177539,0.7022757694177539,-0.08251511188080504
17.422384999999963,-31.04549300000002,-144.86102,-0.08251511188080504,-0.7022757694177539,0.7022757694177539,-0.08251511188080504
16.694767999999954,-31.04449699999998,-144.84762899999998,-0.08251510225166607,-0.7022749803587199,0.7022763945719998,-0.08251651646494614
16.694767999999954,-31.04449699999998,-144.84762899999998,-0.08251510225166607,-0.7022749803587199,0.7022763945719998,-0.08251651646494614
15.963918000000035,-31.04628500000001,-144.834312,-0.08251511188080504,-0.7022757694177539,0.7022757694177539,-0.08251511188080504
15.963918000000035,-31.04628500000001,-144.834312,-0.08251511188080504,-0.7022757694177539,0.7022757694177539,-0.08251511188080504
15.241321999999968,-31.146941000000027,-144.795095,-0.08251510225166607,-0.7022749803587199,0.7022763945719998,-0.08251651646494614
15.241321999999968,-31.146941000000027,-144.795095,-0.08251510225166607,-0.7022749803587199,0.7022763945719998,-0.08251651646494614
14.515142999999966,-31.250216000000023,-144.75600500000002,-0.08251511188080504,-0.7022757694177539,0.7022757694177539,-0.08251511188080504
14.515142999999966,-31.250216000000023,-144.75600500000002,-0.08251511188080504,-0.7022757694177539,0.7022757694177539,-0.08251511188080504
13.775156000000038,-31.284838999999977,-144.729642,-0.08251510225166607,-0.7022749803587199,0.7022763945719998,-0.08251651646494614
13.775156000000038,-31.284838999999977,-144.729642,-0.08251510225166607,-0.7022749803587199,0.7022763945719998,-0.08251651646494614
13.031843999999978,-31.322158,-144.703419,-0.08251511188080504,-0.7022757694177539,0.7022757694177539,-0.08251511188080504
13.031843999999978,-31.322158,-144.703419,-0.08251511188080504,-0.7022757694177539,0.7022757694177539,-0.08251511188080504
12.284542999999985,-31.302051000000006,-144.687386,-0.08251510225166607,-0.7022749803587199,0.7022763945719998,-0.08251651646494614
12.284542999999985,-31.302051000000006,-144.687386,-0.08251510225166607,-0.7022749803587199,0.7022763945719998,-0.08251651646494614
11.534138999999982,-31.284836999999982,-144.671457,-0.08251511188080504,-0.7022757694177539,0.7022757694177539,-0.08251511188080504
11.534138999999982,-31.284836999999982,-144.671457,-0.08251511188080504,-0.7022757694177539,0.7022757694177539,-0.08251511188080504
10.781382000000008,-31.393535999999983,-144.62672700000002,-0.08251510225166607,-0.7022749803587199,0.7022763945719998,-0.08251651646494614
10.781382000000008,-31.393535999999983,-144.62672700000002,-0.08251510225166607,-0.7022749803587199,0.7022763945719998,-0.08251651646494614
10.024954999999977,-31.50493799999998,-144.582179,-0.08251511188080504,-0.7022757694177539,0.7022757694177539,-0.08251511188080504
10.024954999999977,-31.50493799999998,-144.582179,-0.08251511188080504,-0.7022757694177539,0.7022757694177539,-0.08251511188080504
9.268010000000004,-31.46654799999999,-144.567225,-0.08251510225166607,-0.7022749803587199,0.7022763945719998,-0.08251651646494614
9.268010000000004,-31.46654799999999,-144.567225,-0.08251510225166607,-0.7022749803587199,0.7022763945719998,-0.08251651646494614
8.50807599999996,-31.430868999999973,-144.552434,-0.08251511188080504,-0.7022757694177539,0.7022757694177539,-0.08251511188080504
8.50807599999996,-31.430868999999973,-144.552434,-0.08251511188080504,-0.7022757694177539,0.7022757694177539,-0.08251511188080504
7.755536000000006,-31.314043000000026,-144.553115,-0.08251510225166607,-0.7022749803587199,0.7022763945719998,-0.08251651646494614
7.755536000000006,-31.314043000000026,-144.553115,-0.08251510225166607,-0.7022749803587199,0.7022763945719998,-0.08251651646494614
6.999838999999952,-31.199918000000025,-144.553908,-0.08251511188080504,-0.7022757694177539,0.7022757694177539,-0.08251511188080504
6.999838999999952,-31.199918000000025,-144.553908,-0.08251511188080504,-0.7022757694177539,0.7022757694177539,-0.08251511188080504
6.235143999999991,-31.144896000000017,-144.542358,-0.08251510225166607,-0.7022749803587199,0.7022763945719998,-0.08251651646494614
6.235143999999991,-31.144896000000017,-144.542358,-0.08251510225166607,-0.7022749803587199,0.7022763945719998,-0.08251651646494614
5.467696000000046,-31.092599000000007,-144.530975,-0.08251511188080504,-0.7022757694177539,0.7022757694177539,-0.08251511188080504
5.467696000000046,-31.092599000000007,-144.530975,-0.08251511188080504,-0.7022757694177539,0.7022757694177539,-0.08251511188080504
4.722435000000019,-30.928383999999994,-144.539533,-0.08251510225166607,-0.7022749803587199,0.7022763945719998,-0.08251651646494614
4.722435000000019,-30.928383999999994,-144.539533,-0.08251510225166607,-0.7022749803587199,0.7022763945719998,-0.08251651646494614
3.975149999999985,-30.76691199999999,-144.548183,-0.08251511188080504,-0.7022757694177539,0.7022757694177539,-0.08251511188080504
3.975149999999985,-30.76691199999999,-144.548183,-0.08251511188080504,-0.7022757694177539,0.7022757694177539,-0.08251511188080504
3.2153409999999667,-30.665881000000013,-144.544331,-0.08251510225166607,-0.7022749803587199,0.7022763945719998,-0.08251651646494614
3.2153409999999667,-30.665881000000013,-144.544331,-0.08251510225166607,-0.7022749803587199,0.7022763945719998,-0.08251651646494614
2.453310999999985,-30.56752399999999,-144.540635,-0.08251511188080504,-0.7022757694177539,0.7022757694177539,-0.08251511188080504
2.453310999999985,-30.56752399999999,-144.540635,-0.08251511188080504,-0.7022757694177539,0.7022757694177539,-0.08251511188080504
1.725889000000052,-30.350367000000006,-144.55802,-0.08251510225166607,-0.7022749803587199,0.7022763945719998,-0.08251651646494614
1.725889000000052,-30.350367000000006,-144.55802,-0.08251510225166607,-0.7022749803587199,0.7022763945719998,-0.08251651646494614
0.9966650000000072,-30.135774000000026,-144.575464,-0.08251511188080504,-0.7022757694177539,0.7022757694177539,-0.08251511188080504
0.9966650000000072,-30.135774000000026,-144.575464,-0.08251511188080504,-0.7022757694177539,0.7022757694177539,-0.08251511188080504
0.26418499999999767,-29.95060699999999,-144.585835,-0.08251510225166607,-0.7022749803587199,0.7022763945719998,-0.08251651646494614
0.26418499999999767,-29.95060699999999,-144.585835,-0.08251510225166607,-0.7022749803587199,0.7022763945719998,-0.08251651646494614
-0.47010499999998956,-29.767965000000004,-144.596295,-0.08251511188080504,-0.7022757694177539,0.7022757694177539,-0.08251511188080504
-0.47010499999998956,-29.767965000000004,-144.596295,-0.08251511188080504,-0.7022757694177539,0.7022757694177539,-0.08251511188080504
-1.1858680000000277,-29.52829300000002,-144.61368099999999,-0.08251510225166607,-0.7022749803587199,0.7022763945719998,-0.08251651646494614
-1.1858680000000277,-29.52829300000002,-144.61368099999999,-0.08251510225166607,-0.7022749803587199,0.7022763945719998,-0.08251651646494614
-1.9034980000000132,-29.290975000000003,-144.631124,-0.08251511188080504,-0.7022757694177539,0.7022757694177539,-0.08251511188080504
-1.9034980000000132,-29.290975000000003,-144.631124,-0.08251511188080504,-0.7022757694177539,0.7022757694177539,-0.08251511188080504
-2.6109440000000177,-29.037382999999977,-144.650633,-0.08251510225166607,-0.7022749803587199,0.7022763945719998,-0.08251651646494614
-2.6109440000000177,-29.037382999999977,-144.650633,-0.08251510225166607,-0.7022749803587199,0.7022763945719998,-0.08251651646494614
-3.320161999999982,-28.78618499999999,-144.670169,-0.08251511188080504,-0.7022757694177539,0.7022757694177539,-0.08251511188080504
-3.320161999999982,-28.78618499999999,-144.670169,-0.08251511188080504,-0.7022757694177539,0.7022757694177539,-0.08251511188080504
-4.057739999999967,-28.608587999999997,-144.676661,-0.08251510225166607,-0.7022749803587199,0.7022763945719998,-0.08251651646494614
-4.057739999999967,-28.608587999999997,-144.676661,-0.08251510225166607,-0.7022749803587199,0.7022763945719998,-0.08251651646494614
-4.797401000000036,-28.433385999999985,-144.683255,-0.08251511188080504,-0.7022757694177539,0.7022757694177539,-0.08251511188080504
-4.797401000000036,-28.433385999999985,-144.683255,-0.08251511188080504,-0.7022757694177539,0.7022757694177539,-0.08251511188080504
-5.490984000000026,-28.131670999999983,-144.706281,-0.08251510225166607,-0.7022749803587199,0.7022763945719998,-0.08251651646494614
-5.490984000000026,-28.131670999999983,-144.706281,-0.08251510225166607,-0.7022749803587199,0.7022763945719998,-0.08251651646494614
-6.186356000000046,-27.832109000000003,-144.729312,-0.08251511188080504,-0.7022757694177539,0.7022757694177539,-0.08251511188080504
-6.186356000000046,-27.832109000000003,-144.729312,-0.08251511188080504,-0.7022757694177539,0.7022757694177539,-0.08251511188080504
-6.911286000000018,-27.594634999999982,-144.738342,-0.08251510225166607,-0.7022749803587199,0.7022763945719998,-0.08251651646494614
-6.911286000000018,-27.594634999999982,-144.738342,-0.08251510225166607,-0.7022749803587199,0.7022763945719998,-0.08251651646494614
-7.637742000000003,-27.359736999999996,-144.747415,-0.08251511188080504,-0.7022757694177539,0.7022757694177539,-0.08251511188080504
-7.637742000000003,-27.359736999999996,-144.747415,-0.08251511188080504,-0.7022757694177539,0.7022757694177539,-0.08251511188080504
-8.386971000000017,-27.178436999999974,-144.748639,-0.08251510225166607,-0.7022749803587199,0.7022763945719998,-0.08251651646494614
-8.386971000000017,-27.178436999999974,-144.748639,-0.08251510225166607,-0.7022749803587199,0.7022763945719998,-0.08251651646494614
-9.137928999999986,-26.999725000000012,-144.749954,-0.08251511188080504,-0.7022757694177539,0.7022757694177539,-0.08251511188080504
-9.137928999999986,-26.999725000000012,-144.749954,-0.08251511188080504,-0.7022757694177539,0.7022757694177539,-0.08251511188080504
-9.852496999999971,-26.686261000000002,-144.762337,-0.08251510225166607,-0.7022749803587199,0.7022763945719998,-0.08251651646494614
-9.852496999999971,-26.686261000000002,-144.762337,-0.08251510225166607,-0.7022749803587199,0.7022763945719998,-0.08251651646494614
-10.56844000000001,-26.375361999999996,-144.774711,-0.08251511188080504,-0.7022757694177539,0.7022757694177539,-0.08251511188080504
-10.56844000000001,-26.375361999999996,-144.774711,-0.08251511188080504,-0.7022757694177539,0.7022757694177539,-0.08251511188080504
-11.333613000000014,-26.190919000000008,-144.77157,-0.08251510225166607,-0.7022749803587199,0.7022763945719998,-0.08251651646494614
-11.333613000000014,-26.190919000000008,-144.77157,-0.08251510225166607,-0.7022749803587199,0.7022763945719998,-0.08251651646494614
-12.100847000000044,-26.009055999999987,-144.768529,-0.08251511188080504,-0.7022757694177539,0.7022757694177539,-0.08251511188080504
-12.100847000000044,-26.009055999999987,-144.768529,-0.08251511188080504,-0.7022757694177539,0.7022757694177539,-0.08251511188080504
-12.823661000000016,-25.705309999999997,-144.775672,-0.08251510225166607,-0.7022749803587199,0.7022763945719998,-0.08251651646494614
-12.823661000000016,-25.705309999999997,-144.775672,-0.08251510225166607,-0.7022749803587199,0.7022763945719998,-0.08251651646494614
-13.548095999999987,-25.404078000000027,-144.78281900000002,-0.08251511188080504,-0.7022757694177539,0.7022757694177539,-0.08251511188080504
-13.548095999999987,-25.404078000000027,-144.78281900000002,-0.08251511188080504,-0.7022757694177539,0.7022757694177539,-0.08251511188080504
-14.322108999999955,-25.224522999999976,-144.77899,-0.08251510225166607,-0.7022749803587199,0.7022763945719998,-0.08251651646494614
-14.322108999999955,-25.224522999999976,-144.77899,-0.08251510225166607,-0.7022749803587199,0.7022763945719998,-0.08251651646494614
-15.098180999999954,-25.047712999999987,-144.775244,-0.08251511188080504,-0.7022757694177539,0.7022757694177539,-0.08251511188080504
-15.098180999999954,-25.047712999999987,-144.775244,-0.08251511188080504,-0.7022757694177539,0.7022757694177539,-0.08251511188080504
-15.86715300000003,-24.842574000000013,-144.770393,-0.08251510225166607,-0.7022749803587199,0.7022763945719998,-0.08251651646494614
-15.86715300000003,-24.842574000000013,-144.770393,-0.08251510225166607,-0.7022749803587199,0.7022763945719998,-0.08251651646494614
-16.637991000000056,-24.640188000000023,-144.76561800000002,-0.08251511188080504,-0.7022757694177539,0.7022757694177539,-0.08251511188080504
-16.637991000000056,-24.640188000000023,-144.76561800000002,-0.08251511188080504,-0.7022757694177539,0.7022757694177539,-0.08251511188080504
-17.41211899999996,-24.44095299999998,-144.763307,-0.08251510225166607,-0.7022749803587199,0.7022763945719998,-0.08251651646494614
-17.41211899999996,-24.44095299999998,-144.763307,-0.08251510225166607,-0.7022749803587199,0.7022763945719998,-0.08251651646494614
-18.18965300000002,-24.244304,-144.761085,-0.08251511188080504,-0.7022757694177539,0.7022757694177539,-0.08251511188080504
-18.18965300000002,-24.244304,-144.761085,-0.08251511188080504,-0.7022757694177539,0.7022757694177539,-0.08251511188080504
-20.986364999999978,-23.838228000000015,-144.79675600000002,-0.08251088377084154,-0.7022652864875788,0.7022850854792966,-0.08252926854886534
-20.986364999999978,-23.838228000000015,-144.79675600000002,-0.08251088377084154,-0.7022652864875788,0.7022850854792966,-0.08252926854886534
-23.811545000000024,-23.468794000000003,-144.833186,-0.08251511188080504,-0.7022757694177539,0.7022757694177539,-0.08251511188080504
-23.811545000000024,-23.468794000000003,-144.833186,-0.08251511188080504,-0.7022757694177539,0.7022757694177539,-0.08251511188080504
-27.452337000000057,-23.131177999999977,-145.015184,-0.08250878659390573,-0.7022584209129822,0.7022909478374653,-0.08253989930428096
-27.452337000000057,-23.131177999999977,-145.015184,-0.08250878659390573,-0.7022584209129822,0.7022909478374653,-0.08253989930428096
-31.141119000000003,-22.856285000000014,-145.196753,-0.08251511188080504,-0.7022757694177539,0.7022757694177539,-0.08251511188080504
-31.141119000000003,-22.856285000000014,-145.196753,-0.08251511188080504,-0.7022757694177539,0.7022757694177539,-0.08251511188080504
-34.87427600000001,-22.984297000000026,-145.584431,-0.08250806022417735,-0.7022589640677419,0.7022900767708534,-0.08254341556862226
-34.87427600000001,-22.984297000000026,-145.584431,-0.08250806022417735,-0.7022589640677419,0.7022900767708534,-0.08254341556862226
-38.6626,-23.178166999999974,-145.96944200000002,-0.08251511188080504,-0.7022757694177539,0.7022757694177539,-0.08251511188080504
-38.6626,-23.178166999999974,-145.96944200000002,-0.08251511188080504,-0.7022757694177539,0.7022757694177539,-0.08251511188080504
-42.01518799999997,-23.362518000000023,-146.593236,-0.08250942139665074,-0.7022620481519829,0.702287503983619,-0.08253770565402407
-42.01518799999997,-23.362518000000023,-146.593236,-0.08250942139665074,-0.7022620481519829,0.702287503983619,-0.08253770565402407
-45.40842799999996,-23.60002300000002,-147.211533,-0.08251581898748633,-0.7022757694174028,0.7022757694174027,-0.08251440477404123
-45.40842799999996,-23.60002300000002,-147.211533,-0.08251581898748633,-0.7022757694174028,0.7022757694174027,-0.08251440477404123
-48.076824999999985,-23.955201999999986,-148.153439,-0.08251228835935225,-0.7022673258875725,0.7022828822363933,-0.08252925892170226
-48.076824999999985,-23.955201999999986,-148.153439,-0.08251228835935225,-0.7022673258875725,0.7022828822363933,-0.08252925892170226
-50.77540299999998,-24.34451899999999,-149.088535,-0.08251581898748633,-0.7022757694174028,0.7022757694174027,-0.08251440477404123
-50.77540299999998,-24.34451899999999,-149.088535,-0.08251581898748633,-0.7022757694174028,0.7022757694174027,-0.08251440477404123
-52.57186100000001,-24.608638999999982,-150.31753700000002,-0.08251366877838544,-0.7022719880107259,0.7022790590754756,-0.08252073984313524
-52.57186100000001,-24.608638999999982,-150.31753700000002,-0.08251366877838544,-0.7022719880107259,0.7022790590754756,-0.08252073984313524
-54.382533999999964,-24.88858399999998,-151.53904,-0.08251582861642237,-0.7022758513673676,0.7022758513673677,-0.08251300018920212
-54.382533999999964,-24.88858399999998,-151.53904,-0.08251582861642237,-0.7022758513673676,0.7022758513673677,-0.08251300018920212
-55.17838800000004,-25.113812999999993,-153.017521,-0.08251581898744506,-0.7022750623103291,0.7022764765237742,-0.08251440477399996
-55.17838800000004,-25.113812999999993,-153.017521,-0.08251581898744506,-0.7022750623103291,0.7022764765237742,-0.08251440477399996
-55.98033799999996,-25.342542999999978,-154.492572,-0.08251582861642237,-0.7022758513673676,0.7022758513673677,-0.08251300018920212
-55.98033799999996,-25.342542999999978,-154.492572,-0.08251582861642237,-0.7022758513673676,0.7022758513673677,-0.08251300018920212
-55.67812200000003,-25.488490000000013,-156.33348999999998,-0.08251582861642237,-0.7022758513673676,0.7022758513673677,-0.08251300018920212
-55.67812200000003,-25.488490000000013,-156.33348999999998,-0.08251582861642237,-0.7022758513673676,0.7022758513673677,-0.08251300018920212
-55.380885000000035,-25.634589000000005,-158.176675,-0.08251582861642237,-0.7022758513673676,0.7022758513673677,-0.08251300018920212
-55.380885000000035,-25.634589000000005,-158.176675,-0.08251582861642237,-0.7022758513673676,0.7022758513673677,-0.08251300018920212
-53.91847800000005,-25.726249999999993,-160.385879,-0.082515102251336,-0.7022735661426306,0.7022778087824708,-0.08251651646461605
-53.91847800000005,-25.726249999999993,-160.385879,-0.082515102251336,-0.7022735661426306,0.7022778087824708,-0.08251651646461605
-52.469178000000056,-25.825962000000004,-162.604525,-0.08251582861642237,-0.7022758513673676,0.7022758513673677,-0.08251300018920212
-52.469178000000056,-25.825962000000004,-162.604525,-0.08251582861642237,-0.7022758513673676,0.7022758513673677,-0.08251300018920212
-49.793042000000014,-25.930341,-165.23242199999999,-0.08251231725050749,-0.7022682788890416,0.7022824210292852,-0.08252504517672662
-49.793042000000014,-25.930341,-165.23242199999999,-0.08251231725050749,-0.7022682788890416,0.7022824210292852,-0.08252504517672662
-47.146807999999965,-26.06409100000002,-167.88245799999999,-0.08251582861642237,-0.7022758513673676,0.7022758513673677,-0.08251300018920212
-47.146807999999965,-26.06409100000002,-167.88245799999999,-0.08251582861642237,-0.7022758513673676,0.7022758513673677,-0.08251300018920212
-43.19843400000002,-26.372983999999974,-170.850299,-0.08250730006163011,-0.702257805379597,0.7022917464884385,-0.08253982695760326
-43.19843400000002,-26.372983999999974,-170.850299,-0.08250730006163011,-0.702257805379597,0.7022917464884385,-0.08253982695760326
-39.309483,-26.747824999999978,-173.852981,-0.08251581898748633,-0.7022757694174028,0.7022757694174027,-0.08251440477404123
-39.309483,-26.747824999999978,-173.852981,-0.08251581898748633,-0.7022757694174028,0.7022757694174027,-0.08251440477404123
-36.632115999999996,-27.095540000000028,-175.73406,-0.08251161014089621,-0.7022668646528959,0.7022838352211876,-0.08252575228113923
-36.632115999999996,-27.095540000000028,-175.73406,-0.08251161014089621,-0.7022668646528959,0.7022838352211876,-0.08252575228113923
-33.981397000000015,-27.474192000000016,-177.629804,-0.08251581898748633,-0.7022757694174028,0.7022757694174027,-0.08251440477404123
-33.981397000000015,-27.474192000000016,-177.629804,-0.08251581898748633,-0.7022757694174028,0.7022757694174027,-0.08251440477404123
-32.09983,-27.658485999999982,-178.87492,-0.08251366877793162,-0.7022712809003884,0.7022797661780882,-0.08252073984268138
-32.09983,-27.658485999999982,-178.87492,-0.08251366877793162,-0.7022712809003884,0.7022797661780882,-0.08252073984268138
-30.232024000000024,-27.858322999999984,-180.126635,-0.08251581898748633,-0.7022757694174028,0.7022757694174027,-0.08251440477404123
-30.232024000000024,-27.858322999999984,-180.126635,-0.08251581898748633,-0.7022757694174028,0.7022757694174027,-0.08251440477404123
-28.809369999999944,-28.090784999999983,-180.912164,-0.0825143951442834,-0.7022728590324793,0.7022785158855995,-0.08251722357084351
-28.809369999999944,-28.090784999999983,-180.912164,-0.0825143951442834,-0.7022728590324793,0.7022785158855995,-0.08251722357084351
-27.394761000000017,-28.33204699999999,-181.700255,-0.08251581898748633,-0.7022757694174028,0.7022757694174027,-0.08251440477404123
-27.394761000000017,-28.33204699999999,-181.700255,-0.08251581898748633,-0.7022757694174028,0.7022757694174027,-0.08251440477404123
-26.25428199999999,-28.491115999999977,-182.220216,-0.0825151022515423,-0.7022742732510263,0.7022771016775865,-0.08251651646482236
-26.25428199999999,-28.491115999999977,-182.220216,-0.0825151022515423,-0.7022742732510263,0.7022771016775865,-0.08251651646482236
-25.119092000000023,-28.65588200000002,-182.741396,-0.08251581898748633,-0.7022757694174028,0.7022757694174027,-0.08251440477404123
-25.119092000000023,-28.65588200000002,-182.741396,-0.08251581898748633,-0.7022757694174028,0.7022757694174027,-0.08251440477404123
-24.14241400000003,-28.777919999999995,-183.08330899999999,-0.0825151022515423,-0.7022742732510263,0.7022771016775865,-0.08251651646482236
-24.14241400000003,-28.777919999999995,-183.08330899999999,-0.0825151022515423,-0.7022742732510263,0.7022771016775865,-0.08251651646482236
-23.169321999999966,-28.904218000000014,-183.425904,-0.08251581898748633,-0.7022757694174028,0.7022757694174027,-0.08251440477404123
-23.169321999999966,-28.904218000000014,-183.425904,-0.08251581898748633,-0.7022757694174028,0.7022757694174027,-0.08251440477404123
-22.29200000000003,-29.021105999999975,-183.650581,-0.0825151022515423,-0.7022742732510263,0.7022771016775865,-0.08251651646482236
-22.29200000000003,-29.021105999999975,-183.650581,-0.0825151022515423,-0.7022742732510263,0.7022771016775865,-0.08251651646482236
-21.41709800000001,-29.141538000000025,-183.875719,-0.08251581898748633,-0.7022757694174028,0.7022757694174027,-0.08251440477404123
-21.41709800000001,-29.141538000000025,-183.875719,-0.08251581898748633,-0.7022757694174028,0.7022757694174027,-0.08251440477404123
-20.598528999999985,-29.30478199999999,-184.012357,-0.08251580935834736,-0.702274980359071,0.7022763945723509,-0.08251580935834736
-20.598528999999985,-29.30478199999999,-184.012357,-0.08251580935834736,-0.702274980359071,0.7022763945723509,-0.08251580935834736
-19.782209999999964,-29.47109999999998,-184.149134,-0.08251581898748633,-0.7022757694174028,0.7022757694174027,-0.08251440477404123
-19.782209999999964,-29.47109999999998,-184.149134,-0.08251581898748633,-0.7022757694174028,0.7022757694174027,-0.08251440477404123
-19.004036000000042,-29.703630999999973,-184.22467699999999,-0.08251511188076378,-0.7022750623106802,0.7022764765241254,-0.08251511188076378
-19.004036000000042,-29.703630999999973,-184.22467699999999,-0.08251511188076378,-0.7022750623106802,0.7022764765241254,-0.08251511188076378
-18.228103000000033,-29.93870099999998,-184.300192,-0.08251581898748633,-0.7022757694174028,0.7022757694174027,-0.08251440477404123
-18.228103000000033,-29.93870099999998,-184.300192,-0.08251581898748633,-0.7022757694174028,0.7022757694174027,-0.08251440477404123
-17.453084999999987,-30.04546499999998,-184.365367,-0.08251510225166607,-0.7022749803587199,0.7022763945719998,-0.08251651646494614
-17.453084999999987,-30.04546499999998,-184.365367,-0.08251510225166607,-0.7022749803587199,0.7022763945719998,-0.08251651646494614
-16.679990999999973,-30.155054000000007,-184.430544,-0.08251511188080504,-0.7022757694177539,0.7022757694177539,-0.08251511188080504
-16.679990999999973,-30.155054000000007,-184.430544,-0.08251511188080504,-0.7022757694177539,0.7022757694177539,-0.08251511188080504
-15.921621999999957,-30.328528000000006,-184.463862,-0.08251580935834736,-0.702274980359071,0.7022763945723509,-0.08251580935834736
-15.921621999999957,-30.328528000000006,-184.463862,-0.08251580935834736,-0.702274980359071,0.7022763945723509,-0.08251580935834736
-15.164735999999948,-30.504737999999975,-184.497117,-0.08251511188080504,-0.7022757694177539,0.7022757694177539,-0.08251511188080504
-15.164735999999948,-30.504737999999975,-184.497117,-0.08251511188080504,-0.7022757694177539,0.7022757694177539,-0.08251511188080504
-14.419161000000031,-30.70095500000002,-184.512446,-0.08251580935834736,-0.702274980359071,0.7022763945723509,-0.08251580935834736
-14.419161000000031,-30.70095500000002,-184.512446,-0.08251580935834736,-0.702274980359071,0.7022763945723509,-0.08251580935834736
-13.67538300000001,-30.899653,-184.527669,-0.08251511188080504,-0.7022757694177539,0.7022757694177539,-0.08251511188080504
-13.67538300000001,-30.899653,-184.527669,-0.08251511188080504,-0.7022757694177539,0.7022757694177539,-0.08251511188080504
-12.91907900000001,-31.04544800000002,-184.543866,-0.08251510225166607,-0.7022749803587199,0.7022763945719998,-0.08251651646494614
-12.91907900000001,-31.04544800000002,-184.543866,-0.08251510225166607,-0.7022749803587199,0.7022763945719998,-0.08251651646494614
-12.164603000000056,-31.193997000000024,-184.559945,-0.08251511188080504,-0.7022757694177539,0.7022757694177539,-0.08251511188080504
-12.164603000000056,-31.193997000000024,-184.559945,-0.08251511188080504,-0.7022757694177539,0.7022757694177539,-0.08251511188080504
-11.450837999999976,-31.494880000000023,-184.541271,-0.08251511188076378,-0.7022750623106802,0.7022764765241254,-0.08251511188076378
-11.450837999999976,-31.494880000000023,-184.541271,-0.08251511188076378,-0.7022750623106802,0.7022764765241254,-0.08251511188076378
-10.738561000000004,-31.797996000000012,-184.52242,-0.08251511188080504,-0.7022757694177539,0.7022757694177539,-0.08251511188080504
-10.738561000000004,-31.797996000000012,-184.52242,-0.08251511188080504,-0.7022757694177539,0.7022757694177539,-0.08251511188080504
-9.988059000000021,-31.981923999999992,-184.522881,-0.08251510225166607,-0.7022749803587199,0.7022763945719998,-0.08251651646494614
-9.988059000000021,-31.981923999999992,-184.522881,-0.08251510225166607,-0.7022749803587199,0.7022763945719998,-0.08251651646494614
-9.239692999999988,-32.168428000000006,-184.5232,-0.08251511188080504,-0.7022757694177539,0.7022757694177539,-0.08251511188080504
-9.239692999999988,-32.168428000000006,-184.5232,-0.08251511188080504,-0.7022757694177539,0.7022757694177539,-0.08251511188080504
-8.510266999999999,-32.408072000000004,-184.511047,-0.08251510225166607,-0.7022749803587199,0.7022763945719998,-0.08251651646494614
-8.510266999999999,-32.408072000000004,-184.511047,-0.08251510225166607,-0.7022749803587199,0.7022763945719998,-0.08251651646494614
-7.782371000000012,-32.650184000000024,-184.498739,-0.08251511188080504,-0.7022757694177539,0.7022757694177539,-0.08251511188080504
-7.782371000000012,-32.650184000000024,-184.498739,-0.08251511188080504,-0.7022757694177539,0.7022757694177539,-0.08251511188080504
-7.0437500000000455,-32.861838999999975,-184.490293,-0.08251510225166607,-0.7022749803587199,0.7022763945719998,-0.08251651646494614
-7.0437500000000455,-32.861838999999975,-184.490293,-0.08251510225166607,-0.7022749803587199,0.7022763945719998,-0.08251651646494614
-6.306988000000047,-33.07600200000002,-184.481703,-0.08251511188080504,-0.7022757694177539,0.7022757694177539,-0.08251511188080504
-6.306988000000047,-33.07600200000002,-184.481703,-0.08251511188080504,-0.7022757694177539,0.7022757694177539,-0.08251511188080504
-5.5755830000000515,-33.310505999999975,-184.469013,-0.08251510225166607,-0.7022749803587199,0.7022763945719998,-0.08251651646494614
-5.5755830000000515,-33.310505999999975,-184.469013,-0.08251510225166607,-0.7022749803587199,0.7022763945719998,-0.08251651646494614
-4.845999000000006,-33.54747400000002,-184.45617,-0.08251511188080504,-0.7022757694177539,0.7022757694177539,-0.08251511188080504
-4.845999000000006,-33.54747400000002,-184.45617,-0.08251511188080504,-0.7022757694177539,0.7022757694177539,-0.08251511188080504
-4.130771999999979,-33.82469800000001,-184.434978,-0.08251510225166607,-0.7022749803587199,0.7022763945719998,-0.08251651646494614
-4.130771999999979,-33.82469800000001,-184.434978,-0.08251510225166607,-0.7022749803587199,0.7022763945719998,-0.08251651646494614
-3.417352000000051,-34.10415899999998,-184.413634,-0.08251511188080504,-0.7022757694177539,0.7022757694177539,-0.08251511188080504
-3.417352000000051,-34.10415899999998,-184.413634,-0.08251511188080504,-0.7022757694177539,0.7022757694177539,-0.08251511188080504
-2.6912340000000086,-34.35477100000003,-184.397073,-0.08251510225166607,-0.7022749803587199,0.7022763945719998,-0.08251651646494614
-2.6912340000000086,-34.35477100000003,-184.397073,-0.08251510225166607,-0.7022749803587199,0.7022763945719998,-0.08251651646494614
-1.9667060000000447,-34.60786000000002,-184.380362,-0.08251511188080504,-0.7022757694177539,0.7022757694177539,-0.08251511188080504
-1.9667060000000447,-34.60786000000002,-184.380362,-0.08251511188080504,-0.7022757694177539,0.7022757694177539,-0.08251511188080504
-1.2396549999999706,-34.86235099999999,-184.362364,-0.08251510225166607,-0.7022749803587199,0.7022763945719998,-0.08251651646494614
-1.2396549999999706,-34.86235099999999,-184.362364,-0.08251510225166607,-0.7022749803587199,0.7022763945719998,-0.08251651646494614
-0.5145989999999756,-35.119110999999975,-184.344238,-0.08251511188080504,-0.7022757694177539,0.7022757694177539,-0.08251511188080504
-0.5145989999999756,-35.119110999999975,-184.344238,-0.08251511188080504,-0.7022757694177539,0.7022757694177539,-0.08251511188080504
0.24211700000000747,-35.30036899999999,-184.33799199999999,-0.08251510225166607,-0.7022749803587199,0.7022763945719998,-0.08251651646494614
0.24211700000000747,-35.30036899999999,-184.33799199999999,-0.08251510225166607,-0.7022749803587199,0.7022763945719998,-0.08251651646494614
0.9967149999999947,-35.48428200000001,-184.331623,-0.08251511188080504,-0.7022757694177539,0.7022757694177539,-0.08251511188080504
0.9967149999999947,-35.48428200000001,-184.331623,-0.08251511188080504,-0.7022757694177539,0.7022757694177539,-0.08251511188080504
1.74971000000005,-35.672304999999994,-184.324343,-0.08251510225166607,-0.7022749803587199,0.7022763945719998,-0.08251651646494614
1.74971000000005,-35.672304999999994,-184.324343,-0.08251510225166607,-0.7022749803587199,0.7022763945719998,-0.08251651646494614
2.5005290000000286,-35.86297999999999,-184.316937,-0.08251511188080504,-0.7022757694177539,0.7022757694177539,-0.08251511188080504
2.5005290000000286,-35.86297999999999,-184.316937,-0.08251511188080504,-0.7022757694177539,0.7022757694177539,-0.08251511188080504
3.2380600000000186,-36.09057100000001,-184.303923,-0.08251510225166607,-0.7022749803587199,0.7022763945719998,-0.08251651646494614
3.2380600000000186,-36.09057100000001,-184.303923,-0.08251510225166607,-0.7022749803587199,0.7022763945719998,-0.08251651646494614
3.9735470000000532,-36.32057500000002,-184.290796,-0.08251511188080504,-0.7022757694177539,0.7022757694177539,-0.08251511188080504
3.9735470000000532,-36.32057500000002,-184.290796,-0.08251511188080504,-0.7022757694177539,0.7022757694177539,-0.08251511188080504
4.72494800000004,-36.47843499999999,-184.287209,-0.08251510225166607,-0.7022749803587199,0.7022763945719998,-0.08251651646494614
4.72494800000004,-36.47843499999999,-184.287209,-0.08251510225166607,-0.7022749803587199,0.7022763945719998,-0.08251651646494614
5.47403799999995,-36.63889599999999,-184.283514,-0.08251511188080504,-0.7022757694177539,0.7022757694177539,-0.08251511188080504
5.47403799999995,-36.63889599999999,-184.283514,-0.08251511188080504,-0.7022757694177539,0.7022757694177539,-0.08251511188080504
6.218924000000015,-36.784220000000005,-184.279985,-0.08251510225166607,-0.7022749803587199,0.7022763945719998,-0.08251651646494614
6.218924000000015,-36.784220000000005,-184.279985,-0.08251510225166607,-0.7022749803587199,0.7022763945719998,-0.08251651646494614
6.961486000000036,-36.93206700000002,-184.276359,-0.08251511188080504,-0.7022757694177539,0.7022757694177539,-0.08251511188080504
6.961486000000036,-36.93206700000002,-184.276359,-0.08251511188080504,-0.7022757694177539,0.7022757694177539,-0.08251511188080504
7.703480000000013,-37.02100999999999,-184.281004,-0.08251510225166607,-0.7022749803587199,0.7022763945719998,-0.08251651646494614
7.703480000000013,-37.02100999999999,-184.281004,-0.08251510225166607,-0.7022749803587199,0.7022763945719998,-0.08251651646494614
8.442864999999983,-37.112483999999995,-184.285558,-0.08251511188080504,-0.7022757694177539,0.7022757694177539,-0.08251511188080504
8.442864999999983,-37.112483999999995,-184.285558,-0.08251511188080504,-0.7022757694177539,0.7022757694177539,-0.08251511188080504
9.167991000000029,-37.160807999999975,-184.29873800000001,-0.08251510225166607,-0.7022749803587199,0.7022763945719998,-0.08251651646494614
9.167991000000029,-37.160807999999975,-184.29873800000001,-0.08251510225166607,-0.7022749803587199,0.7022763945719998,-0.08251651646494614
9.890656000000035,-37.211558000000025,-184.311839,-0.08251511188080504,-0.7022757694177539,0.7022757694177539,-0.08251511188080504
9.890656000000035,-37.211558000000025,-184.311839,-0.08251511188080504,-0.7022757694177539,0.7022757694177539,-0.08251511188080504
10.605095000000006,-37.205318999999974,-184.332489,-0.08251510225166607,-0.7022749803587199,0.7022763945719998,-0.08251651646494614
10.605095000000006,-37.205318999999974,-184.332489,-0.08251510225166607,-0.7022749803587199,0.7022763945719998,-0.08251651646494614
11.316881999999964,-37.201419999999985,-184.353053,-0.08251511188080504,-0.7022757694177539,0.7022757694177539,-0.08251511188080504
11.316881999999964,-37.201419999999985,-184.353053,-0.08251511188080504,-0.7022757694177539,0.7022757694177539,-0.08251511188080504
12.009586000000013,-37.09494999999998,-184.382818,-0.08251510225170733,-0.702275687465711,0.7022756874657109,-0.0825165164649874
12.009586000000013,-37.09494999999998,-184.382818,-0.08251510225170733,-0.702275687465711,0.7022756874657109,-0.0825165164649874
12.699244000000022,-36.99093399999998,-184.412429,-0.08251511188080504,-0.7022757694177539,0.7022757694177539,-0.08251511188080504
12.699244000000022,-36.99093399999998,-184.412429,-0.08251511188080504,-0.7022757694177539,0.7022757694177539,-0.08251511188080504
13.379918999999973,-36.99112200000002,-184.425653,-0.08251510225166607,-0.7022749803587199,0.7022763945719998,-0.08251651646494614
13.379918999999973,-36.99112200000002,-184.425653,-0.08251510225166607,-0.7022749803587199,0.7022763945719998,-0.08251651646494614
14.057997999999998,-36.993449999999996,-184.438786,-0.08251511188080504,-0.7022757694177539,0.7022757694177539,-0.08251511188080504
14.057997999999998,-36.993449999999996,-184.438786,-0.08251511188080504,-0.7022757694177539,0.7022757694177539,-0.08251511188080504
14.705983999999944,-36.90734900000001,-184.468503,-0.08251510225170733,-0.702275687465711,0.7022756874657109,-0.0825165164649874
14.705983999999944,-36.90734900000001,-184.468503,-0.08251510225170733,-0.702275687465711,0.7022756874657109,-0.0825165164649874
15.35121300000003,-36.823346000000015,-184.49809,-0.08251511188080504,-0.7022757694177539,0.7022757694177539,-0.08251511188080504
15.35121300000003,-36.823346000000015,-184.49809,-0.08251511188080504,-0.7022757694177539,0.7022757694177539,-0.08251511188080504
15.994332999999983,-36.75223699999998,-184.52129,-0.08251510225170733,-0.702275687465711,0.7022756874657109,-0.0825165164649874
15.994332999999983,-36.75223699999998,-184.52129,-0.08251510225170733,-0.702275687465711,0.7022756874657109,-0.0825165164649874
16.634732999999983,-36.683133,-184.544357,-0.08251511188080504,-0.7022757694177539,0.7022757694177539,-0.08251511188080504
16.634732999999983,-36.683133,-184.544357,-0.08251511188080504,-0.7022757694177539,0.7022757694177539,-0.08251511188080504
17.23911899999996,-36.55463900000001,-184.565704,-0.08251510225170733,-0.702275687465711,0.7022756874657109,-0.0825165164649874
17.23911899999996,-36.55463900000001,-184.565704,-0.08251510225170733,-0.702275687465711,0.7022756874657109,-0.0825165164649874
17.840970999999968,-36.428004999999985,-184.586879,-0.08251511188080504,-0.7022757694177539,0.7022757694177539,-0.08251511188080504
17.840970999999968,-36.428004999999985,-184.586879,-0.08251511188080504,-0.7022757694177539,0.7022757694177539,-0.08251511188080504
18.431404000000043,-36.323819000000015,-184.596862,-0.08251510225170733,-0.702275687465711,0.7022756874657109,-0.0825165164649874
18.431404000000043,-36.323819000000015,-184.596862,-0.08251510225170733,-0.702275687465711,0.7022756874657109,-0.0825165164649874
19.01972699999999,-36.22126500000002,-184.606689,-0.08251511188080504,-0.7022757694177539,0.7022757694177539,-0.08251511188080504
19.01972699999999,-36.22126500000002,-184.606689,-0.08251511188080504,-0.7022757694177539,0.7022757694177539,-0.08251511188080504
19.57068700000002,-36.03421100000003,-184.622114,-0.08251510225170733,-0.702275687465711,0.7022756874657109,-0.0825165164649874
19.57068700000002,-36.03421100000003,-184.622114,-0.08251510225170733,-0.702275687465711,0.7022756874657109,-0.0825165164649874
20.119154999999978,-35.848780999999974,-184.637326,-0.08251511188080504,-0.7022757694177539,0.7022757694177539,-0.08251511188080504
20.119154999999978,-35.848780999999974,-184.637326,-0.08251511188080504,-0.7022757694177539,0.7022757694177539,-0.08251511188080504
20.68838100000005,-35.68902200000002,-184.64869,-0.08251510225170733,-0.702275687465711,0.7022756874657109,-0.0825165164649874
20.68838100000005,-35.68902200000002,-184.64869,-0.08251510225170733,-0.702275687465711,0.7022756874657109,-0.0825165164649874
21.255352000000016,-35.5308,-184.659866,-0.08251511188080504,-0.7022757694177539,0.7022757694177539,-0.08251511188080504
21.255352000000016,-35.5308,-184.659866,-0.08251511188080504,-0.7022757694177539,0.7022757694177539,-0.08251511188080504
21.825414000000023,-35.28617000000003,-184.689224,-0.08251510225170733,-0.702275687465711,0.7022756874657109,-0.0825165164649874
21.825414000000023,-35.28617000000003,-184.689224,-0.08251510225170733,-0.702275687465711,0.7022756874657109,-0.0825165164649874
22.39236100000005,-35.04342200000002,-184.718305,-0.08251511188080504,-0.7022757694177539,0.7022757694177539,-0.08251511188080504
22.39236100000005,-35.04342200000002,-184.718305,-0.08251511188080504,-0.7022757694177539,0.7022757694177539,-0.08251511188080504
23.004925999999955,-34.876116000000025,-184.744579,-0.08251510225170733,-0.702275687465711,0.7022756874657109,-0.0825165164649874
23.004925999999955,-34.876116000000025,-184.744579,-0.08251510225170733,-0.702275687465711,0.7022756874657109,-0.0825165164649874
23.614068999999972,-34.71095600000001,-184.770607,-0.08251511188080504,-0.7022757694177539,0.7022757694177539,-0.08251511188080504
23.614068999999972,-34.71095600000001,-184.770607,-0.08251511188080504,-0.7022757694177539,0.7022757694177539,-0.08251511188080504
24.251864999999952,-34.60276399999998,-184.80345,-0.08251510225170733,-0.702275687465711,0.7022756874657109,-0.0825165164649874
24.251864999999952,-34.60276399999998,-184.80345,-0.08251510225170733,-0.702275687465711,0.7022756874657109,-0.0825165164649874
24.889376999999968,-34.49548900000002,-184.836355,-0.08251580935838863,-0.7022756874660622,0.7022756874660622,-0.08251580935838863
24.889376999999968,-34.49548900000002,-184.836355,-0.08251580935838863,-0.7022756874660622,0.7022756874660622,-0.08251580935838863
27.43726700000002,-33.54594900000001,-185.090653,0.08253773504118964,0.7022955322033597,-0.7022403778818443,0.0826254162702655
27.43726700000002,-33.54594900000001,-185.090653,0.08253773504118964,0.7022955322033597,-0.7022403778818443,0.0826254162702655
29.895227999999975,-32.708151999999984,-185.421983,-0.08251580935838863,-0.7022756874660622,0.7022756874660622,-0.08251580935838863
29.895227999999975,-32.708151999999984,-185.421983,-0.08251580935838863,-0.7022756874660622,0.7022756874660622,-0.08251580935838863
33.269994999999994,-31.747344,-185.788114,0.08262329785610917,0.7023408117329412,-0.702162620841778,0.0828156308814916
33.269994999999994,-31.747344,-185.788114,0.08262329785610917,0.7023408117329412,-0.702162620841778,0.0828156308814916
36.467986999999994,-31.034365999999977,-186.417074,-0.08251580935838863,-0.7022756874660622,0.7022756874660622,-0.08251580935838863
36.467986999999994,-31.034365999999977,-186.417074,-0.08251580935838863,-0.7022756874660622,0.7022756874660622,-0.08251580935838863
39.846363,-30.37970999999999,-186.922381,0.08265939166649132,0.7023637056852341,-0.7021247035262298,0.08290687910924717
39.846363,-30.37970999999999,-186.922381,0.08265939166649132,0.7023637056852341,-0.7021247035262298,0.08290687910924717
43.014771999999994,-30.03661199999999,-187.778702,-0.08251580935838863,-0.7022756874660622,0.7022756874660622,-0.08251580935838863
43.014771999999994,-30.03661199999999,-187.778702,-0.08251580935838863,-0.7022756874660622,0.7022756874660622,-0.08251580935838863
46.134195999999974,-29.976556000000016,-188.478134,0.08268691418154638,0.70237667643762,-0.7021037333240284,0.08294712937792398
46.134195999999974,-29.976556000000016,-188.478134,0.08268691418154638,0.70237667643762,-0.7021037333240284,0.08294712937792398
49.047266000000036,-30.241264,-189.579869,-0.0825130098179765,-0.7022759333187657,0.7022759333187657,-0.08251442403175165
49.047266000000036,-30.241264,-189.579869,-0.0825130098179765,-0.7022759333187657,0.7022759333187657,-0.08251442403175165
51.47651499999995,-30.543025999999998,-190.738645,0.08271380414646966,0.702376845569856,-0.7021039023905397,0.08291745087093373
51.47651499999995,-30.543025999999998,-190.738645,0.08271380414646966,0.702376845569856,-0.7021039023905397,0.08291745087093373
53.75116700000001,-31.102066999999977,-192.311713,-0.08251580935838863,-0.7022756874660622,0.7022756874660622,-0.08251580935838863
53.75116700000001,-31.102066999999977,-192.311713,-0.08251580935838863,-0.7022756874660622,0.7022756874660622,-0.08251580935838863
55.488387999999986,-31.284943999999996,-193.919681,0.08278449343659307,0.7023922205325757,-0.7020768510337697,0.08294571371849392
55.488387999999986,-31.284943999999996,-193.919681,0.08278449343659307,0.7023922205325757,-0.7020768510337697,0.08294571371849392
57.102431000000024,-31.682326999999987,-196.024075,-0.08251511188080504,-0.7022757694177539,0.7022757694177539,-0.08251511188080504
57.102431000000024,-31.682326999999987,-196.024075,-0.08251511188080504,-0.7022757694177539,0.7022757694177539,-0.08251511188080504
57.885122000000024,-31.818565999999976,-197.834329,0.08275416001854777,0.7023595989830409,-0.7021304962774048,0.08279800065974975
57.885122000000024,-31.818565999999976,-197.834329,0.08275416001854777,0.7023595989830409,-0.7021304962774048,0.08279800065974975
58.62476000000004,-32.035168,-200.025318,-0.08251580935838863,-0.7022756874660622,0.7022756874660622,-0.08251580935838863
58.62476000000004,-32.035168,-200.025318,-0.08251580935838863,-0.7022756874660622,0.7022756874660622,-0.08251580935838863
58.55186800000001,-32.05685999999997,-202.123331,0.08267495232847831,0.7023156590104389,-0.7022039361018869,0.08262686905137999
58.55186800000001,-32.05685999999997,-202.123331,0.08267495232847831,0.7023156590104389,-0.7022039361018869,0.08262686905137999
58.49314300000003,-32.05033900000001,-204.428318,-0.08251371692490533,-0.7022759333191169,0.7022759333191169,-0.08251371692490533
58.49314300000003,-32.05033900000001,-204.428318,-0.08251371692490533,-0.7022759333191169,0.7022759333191169,-0.08251371692490533
57.39606200000003,-31.702163999999982,-206.709153,0.08250454869407083,0.7022761389572499,-0.7022747247430606,0.08253141876366671
57.39606200000003,-31.702163999999982,-206.709153,0.08250454869407083,0.7022761389572499,-0.7022747247430606,0.08253141876366671
56.266662999999994,-31.38152100000002,-208.986123,-0.08251440477404125,-0.7022757694174029,0.7022757694174028,-0.08251581898748635
56.266662999999994,-31.38152100000002,-208.986123,-0.08251440477404125,-0.7022757694174029,0.7022757694174028,-0.08251581898748635
54.214090000000056,-30.95342199999999,-211.215184,0.08255687003687413,0.7023659025744682,-0.7021311430320819,0.08293587941855825
54.214090000000056,-30.95342199999999,-211.215184,0.08255687003687413,0.7023659025744682,-0.7021311430320819,0.08293587941855825
51.88664600000004,-30.936487,-213.693731,-0.08251510225170733,-0.702275687465711,0.7022756874657109,-0.0825165164649874
51.88664600000004,-30.936487,-213.693731,-0.08251510225170733,-0.702275687465711,0.7022756874657109,-0.0825165164649874
48.64483800000005,-30.150146000000007,-215.80998,0.08260141572652745,0.7024210394509975,-0.7020392016505907,0.0832024567086493
48.64483800000005,-30.150146000000007,-215.80998,0.08260141572652745,0.7024210394509975,-0.7020392016505907,0.0832024567086493
44.95455400000003,-30.038858000000005,-218.334878,-0.08251511188080504,-0.7022757694177539,0.7022757694177539,-0.08251511188080504
44.95455400000003,-30.038858000000005,-218.334878,-0.08251511188080504,-0.7022757694177539,0.7022757694177539,-0.08251511188080504
42.68957799999998,-29.856547999999975,-219.852057,0.08252783972345072,0.7023160738340899,-0.7022100078258089,0.08271875853835692
42.68957799999998,-29.856547999999975,-219.852057,0.08252783972345072,0.7023160738340899,-0.7022100078258089,0.08271875853835692
40.27132500000005,-29.890432999999973,-221.471145,-0.08251511188080504,-0.7022757694177539,0.7022757694177539,-0.08251511188080504
40.27132500000005,-29.890432999999973,-221.471145,-0.08251511188080504,-0.7022757694177539,0.7022757694177539,-0.08251511188080504
38.60798299999999,-29.806569000000025,-222.481714,0.08252010063866555,0.7022923648761953,-0.7022485242386721,0.08260071084314372
38.60798299999999,-29.806569000000025,-222.481714,0.08252010063866555,0.7022923648761953,-0.7022485242386721,0.08260071084314372
36.87810200000001,-29.816059999999993,-223.532023,-0.08251511188080504,-0.7022757694177539,0.7022757694177539,-0.08251511188080504
36.87810200000001,-29.816059999999993,-223.532023,-0.08251511188080504,-0.7022757694177539,0.7022757694177539,-0.08251511188080504
35.647508000000016,-29.955871000000002,-224.253002,0.08251862846727955,0.7022855076597884,-0.7022600518236214,0.08256246907401113
35.647508000000016,-29.955871000000002,-224.253002,0.08251862846727955,0.7022855076597884,-0.7022600518236214,0.08256246907401113
34.37898099999995,-30.14653099999998,-224.996367,-0.08251511188080504,-0.7022757694177539,0.7022757694177539,-0.08251511188080504
34.37898099999995,-30.14653099999998,-224.996367,-0.08251511188080504,-0.7022757694177539,0.7022757694177539,-0.08251511188080504
33.39200000000005,-30.330479000000025,-225.501464,0.08251725754459469,0.702281633453391,-0.7022660771009055,0.08254554182184075
33.39200000000005,-30.330479000000025,-225.501464,0.08251725754459469,0.702281633453391,-0.7022660771009055,0.08254554182184075
32.381077000000005,-30.546412999999973,-226.021535,-0.08251511188080504,-0.7022757694177539,0.7022757694177539,-0.08251511188080504
32.381077000000005,-30.546412999999973,-226.021535,-0.08251511188080504,-0.7022757694177539,0.7022757694177539,-0.08251511188080504
31.524786999999947,-30.691048000000023,-226.370036,0.08251793086352012,0.702279931682169,-0.702268617975903,0.08253772984948543
31.524786999999947,-30.691048000000023,-226.370036,0.08251793086352012,0.702279931682169,-0.702268617975903,0.08253772984948543
30.65211199999999,-30.858272,-226.729752,-0.08251580935838863,-0.7022756874660622,0.7022756874660622,-0.08251580935838863
30.65211199999999,-30.858272,-226.729752,-0.08251580935838863,-0.7022756874660622,0.7022756874660622,-0.08251580935838863
29.88733400000001,-31.00104399999998,-226.978876,0.08251796939078251,0.7022795524666373,-0.7022696529690325,0.08253211153021778
29.88733400000001,-31.00104399999998,-226.978876,0.08251796939078251,0.7022795524666373,-0.7022696529690325,0.08253211153021778
29.109154999999987,-31.161588999999992,-227.237665,-0.08251511188080504,-0.7022757694177539,0.7022757694177539,-0.08251511188080504
29.109154999999987,-31.161588999999992,-227.237665,-0.08251511188080504,-0.7022757694177539,0.7022757694177539,-0.08251511188080504
28.435649000000012,-31.377909999999986,-227.443622,0.08251580464005441,0.7022784757356539,-0.7022714046696579,0.08252853255884718
28.435649000000012,-31.377909999999986,-227.443622,0.08251580464005441,0.7022784757356539,-0.7022714046696579,0.08252853255884718
27.751261999999997,-31.608565,-227.657747,-0.08251231233953661,-0.7022753081611156,0.7022767223750558,-0.0825137265534768
27.751261999999997,-31.608565,-227.657747,-0.08251231233953661,-0.7022753081611156,0.7022767223750558,-0.0825137265534768
27.08618899999999,-31.756633000000022,-227.806477,0.08251441931683517,0.7022780145109006,-0.7022723576561233,0.0825257330263899
27.08618899999999,-31.756633000000022,-227.806477,0.08251441931683517,0.7022780145109006,-0.7022723576561233,0.0825257330263899
26.41253800000004,-31.917011000000002,-227.962357,-0.08251231233953661,-0.7022753081611156,0.7022767223750558,-0.0825137265534768
26.41253800000004,-31.917011000000002,-227.962357,-0.08251231233953661,-0.7022753081611156,0.7022767223750558,-0.0825137265534768
25.73532399999999,-31.972037,-228.06298,0.0825151264243012,0.7022780145161677,-0.7022723576613902,0.08252502592016167
25.73532399999999,-31.972037,-228.06298,0.0825151264243012,0.7022780145161677,-0.7022723576613902,0.08252502592016167
25.049873000000048,-32.03849700000001,-228.170306,-0.0825130098179765,-0.7022759333187657,0.7022759333187657,-0.08251442403175165
25.049873000000048,-32.03849700000001,-228.170306,-0.0825130098179765,-0.7022759333187657,0.7022759333187657,-0.08251442403175165
24.42064800000003,-32.213998000000004,-228.276544,0.0825151264243012,0.7022780145161677,-0.7022723576613902,0.08252502592016167
24.42064800000003,-32.213998000000004,-228.276544,0.0825151264243012,0.7022780145161677,-0.7022723576613902,0.08252502592016167
23.78341999999998,-32.40022800000003,-228.389288,-0.0825130098179765,-0.7022759333187657,0.7022759333187657,-0.08251442403175165
23.78341999999998,-32.40022800000003,-228.389288,-0.0825130098179765,-0.7022759333187657,0.7022759333187657,-0.08251442403175165
23.163947000000007,-32.601764,-228.483167,0.08251583353168475,0.7022780145207326,-0.7022723576659551,0.08252431881385092
23.163947000000007,-32.601764,-228.483167,0.08251583353168475,0.7022780145207326,-0.7022723576659551,0.08252431881385092
22.536737000000016,-32.813499999999976,-228.58337,-0.08251441440297727,-0.7022758513687722,0.7022758513687721,-0.08251441440297727
22.536737000000016,-32.813499999999976,-228.58337,-0.08251441440297727,-0.7022758513687722,0.7022758513687721,-0.08251441440297727
21.90518099999997,-32.96963899999997,-228.655217,0.08251583353168475,0.7022780145207326,-0.7022723576659551,0.08252431881385092
21.90518099999997,-32.96963899999997,-228.655217,0.08251583353168475,0.7022780145207326,-0.7022723576659551,0.08252431881385092
21.26646100000005,-33.13542100000001,-228.733026,-0.08251441440297727,-0.7022758513687722,0.7022758513687721,-0.08251441440297727
21.26646100000005,-33.13542100000001,-228.733026,-0.08251441440297727,-0.7022758513687722,0.7022758513687721,-0.08251441440297727
20.62548300000003,-33.267037000000016,-228.794521,0.08251583353197355,0.7022773074163434,-0.7022730647752602,0.08252431881413974
20.62548300000003,-33.267037000000016,-228.794521,0.08251583353197355,0.7022773074163434,-0.7022730647752602,0.08252431881413974
19.977927000000022,-33.407831999999985,-228.861618,-0.08251441440297727,-0.7022758513687722,0.7022758513687721,-0.08251441440297727
19.977927000000022,-33.407831999999985,-228.861618,-0.08251441440297727,-0.7022758513687722,0.7022758513687721,-0.08251441440297727
19.321456000000012,-33.50590999999997,-228.914368,0.08251654063927458,0.7022773074202058,-0.7022730647791227,0.08252361170774644
19.321456000000012,-33.50590999999997,-228.914368,0.08251654063927458,0.7022773074202058,-0.7022730647791227,0.08252361170774644
18.658747999999946,-33.61288300000001,-228.972395,-0.08251511188080504,-0.7022757694177539,0.7022757694177539,-0.08251511188080504
18.658747999999946,-33.61288300000001,-228.972395,-0.08251511188080504,-0.7022757694177539,0.7022757694177539,-0.08251511188080504
18.000676,-33.71921600000002,-229.026293,0.08251654063927458,0.7022773074202058,-0.7022730647791227,0.08252361170774644
18.000676,-33.71921600000002,-229.026293,0.08251654063927458,0.7022773074202058,-0.7022730647791227,0.08252361170774644
17.336242999999968,-33.83421900000002,-229.085239,-0.08251511188080504,-0.7022757694177539,0.7022757694177539,-0.08251511188080504
17.336242999999968,-33.83421900000002,-229.085239,-0.08251511188080504,-0.7022757694177539,0.7022757694177539,-0.08251511188080504
16.666304999999966,-33.963239999999985,-229.14786,0.08251654063927458,0.7022773074202058,-0.7022730647791227,0.08252361170774644
16.666304999999966,-33.963239999999985,-229.14786,0.08251654063927458,0.7022773074202058,-0.7022730647791227,0.08252361170774644
15.989858000000027,-34.10086899999999,-229.215417,-0.08251511188080504,-0.7022757694177539,0.7022757694177539,-0.08251511188080504
15.989858000000027,-34.10086899999999,-229.215417,-0.08251511188080504,-0.7022757694177539,0.7022757694177539,-0.08251511188080504
15.288058999999976,-34.113530000000026,-229.249828,0.08251654063927458,0.7022773074202058,-0.7022730647791227,0.08252361170774644
15.288058999999976,-34.113530000000026,-229.249828,0.08251654063927458,0.7022773074202058,-0.7022730647791227,0.08252361170774644
14.580309000000057,-34.13454300000001,-229.288717,-0.08251511188080504,-0.7022757694177539,0.7022757694177539,-0.08251511188080504
14.580309000000057,-34.13454300000001,-229.288717,-0.08251511188080504,-0.7022757694177539,0.7022757694177539,-0.08251511188080504
13.880030000000033,-34.28096900000003,-229.362507,0.08251654063927458,0.7022773074202058,-0.7022730647791227,0.08252361170774644
13.880030000000033,-34.28096900000003,-229.362507,0.08251654063927458,0.7022773074202058,-0.7022730647791227,0.08252361170774644
13.172793999999953,-34.43620199999998,-229.441048,-0.08251511188080504,-0.7022757694177539,0.7022757694177539,-0.08251511188080504
13.172793999999953,-34.43620199999998,-229.441048,-0.08251511188080504,-0.7022757694177539,0.7022757694177539,-0.08251511188080504
12.454413000000045,-34.498347000000024,-229.492984,0.08251654063927458,0.7022773074202058,-0.7022730647791227,0.08252361170774644
12.454413000000045,-34.498347000000024,-229.492984,0.08251654063927458,0.7022773074202058,-0.7022730647791227,0.08252361170774644
11.729664999999954,-34.568715,-229.549167,-0.08251511188080504,-0.7022757694177539,0.7022757694177539,-0.08251511188080504
11.729664999999954,-34.568715,-229.549167,-0.08251511188080504,-0.7022757694177539,0.7022757694177539,-0.08251511188080504
10.998288000000002,-34.57829400000003,-229.587118,0.08251655026957722,0.7022766822743346,-0.7022738538466157,0.0825222071250149
10.998288000000002,-34.57829400000003,-229.587118,0.08251655026957722,0.7022766822743346,-0.7022738538466157,0.0825222071250149
10.261372000000051,-34.59568100000001,-229.628917,-0.08251511188080504,-0.7022757694177539,0.7022757694177539,-0.08251511188080504
10.261372000000051,-34.59568100000001,-229.628917,-0.08251511188080504,-0.7022757694177539,0.7022757694177539,-0.08251511188080504
9.521800999999982,-34.52023300000002,-229.644277,0.08251444820692802,0.7022775532866127,-0.7022733106440443,0.08252151927787546
9.521800999999982,-34.52023300000002,-229.644277,0.08251444820692802,0.7022775532866127,-0.7022733106440443,0.08252151927787546
8.777290999999991,-34.452045,-229.663003,0.08251089812514266,0.7022774294781633,-0.702274601050283,0.08251514076696316
8.777290999999991,-34.452045,-229.663003,0.08251089812514266,0.7022774294781633,-0.702274601050283,0.08251514076696316
8.029292000000055,-34.37303000000003,-229.67857,0.08251225456481662,0.7022783519637336,-0.7022726951119338,0.08252215405546628
8.029292000000055,-34.37303000000003,-229.67857,0.08251225456481662,0.7022783519637336,-0.7022726951119338,0.08252215405546628
7.27646500000003,-34.30109399999998,-229.69728800000001,0.0825115956035,0.7022780546334589,-0.7022738119921337,0.0825158382448254
7.27646500000003,-34.30109399999998,-229.69728800000001,0.0825115956035,0.7022780546334589,-0.7022738119921337,0.0825158382448254
6.537897000000044,-34.14563900000002,-229.689324,0.08251444820692802,0.7022775532866127,-0.7022733106440443,0.08252151927787546
6.537897000000044,-34.14563900000002,-229.689324,0.08251444820692802,0.7022775532866127,-0.7022733106440443,0.08252151927787546
5.794956999999954,-33.996421,-229.683944,-0.08251511188080504,-0.7022757694177539,0.7022757694177539,-0.08251511188080504
5.794956999999954,-33.996421,-229.683944,-0.08251511188080504,-0.7022757694177539,0.7022757694177539,-0.08251511188080504
5.053009999999972,-33.837852,-229.676574,0.08251515531439409,0.702277553289773,-0.7022733106472046,0.08252081217115206
5.053009999999972,-33.837852,-229.676574,0.08251515531439409,0.702277553289773,-0.7022733106472046,0.08252081217115206
4.306386999999972,-33.685284000000024,-229.671651,0.08251159560370629,0.7022773475283272,-0.702274519100777,0.08251583824503171
4.306386999999972,-33.685284000000024,-229.671651,0.08251159560370629,0.7022773475283272,-0.702274519100777,0.08251583824503171
3.576116999999954,-33.471956999999975,-229.648336,0.08251366877904556,0.702277644868144,-0.702273402229294,0.08252073984379542
3.576116999999954,-33.471956999999975,-229.648336,0.08251366877904556,0.702277644868144,-0.702273402229294,0.08252073984379542
2.842206000000033,-33.264178000000015,-229.627042,0.0825137072960897,0.7022765584748749,-0.7022751442612649,0.08251512150969983
2.842206000000033,-33.264178000000015,-229.627042,0.0825137072960897,0.7022765584748749,-0.7022751442612649,0.08251512150969983
2.0959569999999985,-33.097443,-229.618057,0.08251515531460037,0.7022768461844339,-0.702274017756055,0.08252081217135834
2.0959569999999985,-33.097443,-229.618057,0.08251515531460037,0.7022768461844339,-0.702274017756055,0.08252081217135834
1.3459739999999556,-32.936563999999976,-229.611195,-0.08251511188080504,-0.7022757694177539,0.7022757694177539,-0.08251511188080504
1.3459739999999556,-32.936563999999976,-229.611195,-0.08251511188080504,-0.7022757694177539,0.7022757694177539,-0.08251511188080504
0.606127000000015,-32.746216000000004,-229.596828,0.08251508299286194,0.7022769377690429,-0.7022741093431429,0.08251932563171188
0.606127000000015,-32.746216000000004,-229.596828,0.08251508299286194,0.7022769377690429,-0.7022741093431429,0.08251932563171188
-0.1371199999999817,-32.561406999999974,-229.584332,0.0825137072960897,0.7022765584748749,-0.7022751442612649,0.08251512150969983
-0.1371199999999817,-32.561406999999974,-229.584332,0.0825137072960897,0.7022765584748749,-0.7022751442612649,0.08251512150969983
-0.8775269999999864,-32.36860100000001,-229.57029,0.08251437588609814,0.702276937766585,-0.7022741093406849,0.08252003273789806
-0.8775269999999864,-32.36860100000001,-229.57029,0.08251437588609814,0.702276937766585,-0.7022741093406849,0.08252003273789806
-1.6210150000000567,-32.18119999999999,-229.557967,0.0825137072960897,0.7022765584748749,-0.7022751442612649,0.08251512150969983
-1.6210150000000567,-32.18119999999999,-229.557967,0.0825137072960897,0.7022765584748749,-0.7022751442612649,0.08251512150969983
-2.338818999999944,-31.925117,-229.525725,0.08251438551564291,0.7022763126167427,-0.7022748984036278,0.08251862815498799
-2.338818999999944,-31.925117,-229.525725,0.08251438551564291,0.7022763126167427,-0.7022748984036278,0.08251862815498799
-3.0591289999999844,-31.673825000000022,-229.49481600000001,0.0825137072960897,0.7022765584748749,-0.7022751442612649,0.08251512150969983
-3.0591289999999844,-31.673825000000022,-229.49481600000001,0.0825137072960897,0.7022765584748749,-0.7022751442612649,0.08251512150969983
-3.7822330000000193,-31.426934000000017,-229.468544,0.08251438551564291,0.7022763126167427,-0.7022748984036278,0.08251862815498799
-3.7822330000000193,-31.426934000000017,-229.468544,0.08251438551564291,0.7022763126167427,-0.7022748984036278,0.08251862815498799
-4.508099000000016,-31.184798,-229.443534,-0.08251440477404125,-0.7022757694174029,0.7022757694174028,-0.08251581898748635
-4.508099000000016,-31.184798,-229.443534,-0.08251440477404125,-0.7022757694174029,0.7022757694174028,-0.08251581898748635
-5.251210000000015,-30.995541000000003,-229.432189,0.08251508299298571,0.7022762306636213,-0.7022748164506714,0.08251932563183569
-5.251210000000015,-30.995541000000003,-229.432189,0.08251508299298571,0.7022762306636213,-0.7022748164506714,0.08251932563183569
-5.997298000000001,-30.81132200000002,-229.422233,-0.08251440477404125,-0.7022757694174029,0.7022757694174028,-0.08251581898748635
-5.997298000000001,-30.81132200000002,-229.422233,-0.08251440477404125,-0.7022757694174029,0.7022757694174028,-0.08251581898748635
-6.721989000000008,-30.55380200000002,-229.394273,0.08251579009966699,0.7022762306653769,-0.702274816452427,0.08251861852556697
-6.721989000000008,-30.55380200000002,-229.394273,0.08251579009966699,0.7022762306653769,-0.702274816452427,0.08251861852556697
-7.449231000000054,-30.300808000000018,-229.367356,-0.08251511188080504,-0.7022757694177539,0.7022757694177539,-0.08251511188080504
-7.449231000000054,-30.300808000000018,-229.367356,-0.08251511188080504,-0.7022757694177539,0.7022757694177539,-0.08251511188080504
-8.182308000000035,-30.066231000000016,-229.344448,0.08251579009966699,0.7022762306653769,-0.702274816452427,0.08251861852556697
-8.182308000000035,-30.066231000000016,-229.344448,0.08251579009966699,0.7022762306653769,-0.702274816452427,0.08251861852556697
-8.917775000000006,-29.836356000000023,-229.322606,-0.08251511188080504,-0.7022757694177539,0.7022757694177539,-0.08251511188080504
-8.917775000000006,-29.836356000000023,-229.322606,-0.08251511188080504,-0.7022757694177539,0.7022757694177539,-0.08251511188080504
-9.66287699999998,-29.631827999999985,-229.306398,0.08251579009966699,0.7022762306653769,-0.702274816452427,0.08251861852556697
-9.66287699999998,-29.631827999999985,-229.306398,0.08251579009966699,0.7022762306653769,-0.702274816452427,0.08251861852556697
-10.410302000000001,-29.432218999999975,-229.2913,-0.08251511188080504,-0.7022757694177539,0.7022757694177539,-0.08251511188080504
-10.410302000000001,-29.432218999999975,-229.2913,-0.08251511188080504,-0.7022757694177539,0.7022757694177539,-0.08251511188080504
-11.165841999999998,-29.25267100000002,-229.27880199999998,0.08251579009966699,0.7022762306653769,-0.702274816452427,0.08251861852556697
-11.165841999999998,-29.25267100000002,-229.27880199999998,0.08251579009966699,0.7022762306653769,-0.702274816452427,0.08251861852556697
-11.92438900000002,-29.07797199999999,-229.267426,-0.08251511188080504,-0.7022757694177539,0.7022757694177539,-0.08251511188080504
-11.92438900000002,-29.07797199999999,-229.267426,-0.08251511188080504,-0.7022757694177539,0.7022757694177539,-0.08251511188080504
-12.670100000000048,-28.870128000000022,-229.248204,0.08251579009966699,0.7022762306653769,-0.702274816452427,0.08251861852556697
-12.670100000000048,-28.870128000000022,-229.248204,0.08251579009966699,0.7022762306653769,-0.702274816452427,0.08251861852556697
-13.418413999999984,-28.666860999999983,-229.229915,-0.08251511188080504,-0.7022757694177539,0.7022757694177539,-0.08251511188080504
-13.418413999999984,-28.666860999999983,-229.229915,-0.08251511188080504,-0.7022757694177539,0.7022757694177539,-0.08251511188080504
-14.158123000000046,-28.438427999999988,-229.205886,-0.08251579009970823,-0.702275523559253,0.7022755235592532,-0.08251861852560823
-14.158123000000046,-28.438427999999988,-229.205886,-0.08251579009970823,-0.702275523559253,0.7022755235592532,-0.08251861852560823
-14.900168000000008,-28.214459999999974,-229.182665,-0.08251511188080504,-0.7022757694177539,0.7022757694177539,-0.08251511188080504
-14.900168000000008,-28.214459999999974,-229.182665,-0.08251511188080504,-0.7022757694177539,0.7022757694177539,-0.08251511188080504
-15.651681000000053,-28.038583000000017,-229.171835,0.08251579009966699,0.7022762306653769,-0.702274816452427,0.08251861852556697
-15.651681000000053,-28.038583000000017,-229.171835,0.08251579009966699,0.7022762306653769,-0.702274816452427,0.08251861852556697
-16.405862999999954,-27.867322,-229.161885,-0.08251511188080504,-0.7022757694177539,0.7022757694177539,-0.08251511188080504
-16.405862999999954,-27.867322,-229.161885,-0.08251511188080504,-0.7022757694177539,0.7022757694177539,-0.08251511188080504
-17.164303000000018,-27.717079000000012,-229.15762,0.08251579009966699,0.7022762306653769,-0.702274816452427,0.08251861852556697
-17.164303000000018,-27.717079000000012,-229.15762,0.08251579009966699,0.7022762306653769,-0.702274816452427,0.08251861852556697
-17.927776999999992,-27.571022000000028,-229.154281,-0.08251511188080504,-0.7022757694177539,0.7022757694177539,-0.08251511188080504
-17.927776999999992,-27.571022000000028,-229.154281,-0.08251511188080504,-0.7022757694177539,0.7022757694177539,-0.08251511188080504
-20.68535399999996,-27.032871,-229.20362599999999,0.08251937412720631,0.7022766433808343,-0.7022695723119289,0.08255614368551491
-20.68535399999996,-27.032871,-229.20362599999999,0.08251937412720631,0.7022766433808343,-0.7022695723119289,0.08255614368551491
-23.479092000000037,-26.553818999999976,-229.26130799999999,-0.08251580935838863,-0.7022756874660622,0.7022756874660622,-0.08251580935838863
-23.479092000000037,-26.553818999999976,-229.26130799999999,-0.08251580935838863,-0.7022756874660622,0.7022756874660622,-0.08251580935838863
-27.074929999999995,-25.891115000000013,-229.471156,0.08251792624016646,0.7022735283750787,-0.7022706999486706,0.08257449476832644
-27.074929999999995,-25.891115000000013,-229.471156,0.08251792624016646,0.7022735283750787,-0.7022706999486706,0.08257449476832644
-30.724286000000006,-25.321564000000023,-229.685919,-0.08251580935838863,-0.7022756874660622,0.7022756874660622,-0.08251580935838863
-30.724286000000006,-25.321564000000023,-229.685919,-0.08251580935838863,-0.7022756874660622,0.7022756874660622,-0.08251580935838863
-34.385212000000024,-24.71400299999999,-230.113821,-0.08251230303173182,-0.7022681578720172,0.7022780573684818,-0.08256321472783505
-34.385212000000024,-24.71400299999999,-230.113821,-0.08251230303173182,-0.7022681578720172,0.7022780573684818,-0.08256321472783505
-38.094389999999976,-24.191677000000027,-230.535242,-0.08251580935838863,-0.7022756874660622,0.7022756874660622,-0.08251580935838863
-38.094389999999976,-24.191677000000027,-230.535242,-0.08251580935838863,-0.7022756874660622,0.7022756874660622,-0.08251580935838863
-41.398685,-23.800768000000005,-231.245685,-0.08250803607398888,-0.7022630011559601,0.7022870427831457,-0.08253490612790211
-41.398685,-23.800768000000005,-231.245685,-0.08250803607398888,-0.7022630011559601,0.7022870427831457,-0.08253490612790211
-44.73386300000004,-23.458420999999987,-231.939553,-0.08251580935838863,-0.7022756874660622,0.7022756874660622,-0.08251580935838863
-44.73386300000004,-23.458420999999987,-231.939553,-0.08251580935838863,-0.7022756874660622,0.7022756874660622,-0.08251580935838863
-47.29995699999995,-23.366409999999973,-232.916389,-0.0825116005135607,-0.7022689040342014,0.702281631958935,-0.08252715686601293
-47.29995699999995,-23.366409999999973,-232.916389,-0.0825116005135607,-0.7022689040342014,0.702281631958935,-0.08252715686601293
-49.88678700000003,-23.302448000000027,-233.879853,-0.08251511188080504,-0.7022757694177539,0.7022757694177539,-0.08251511188080504
-49.88678700000003,-23.302448000000027,-233.879853,-0.08251511188080504,-0.7022757694177539,0.7022757694177539,-0.08251511188080504
-51.582243999999946,-23.116859999999974,-235.083821,-0.08251297130124893,-0.7022727770730699,0.70227843392553,-0.08252004236682393
-51.582243999999946,-23.116859999999974,-235.083821,-0.08251297130124893,-0.7022727770730699,0.70227843392553,-0.08252004236682393
-53.28637200000003,-22.94295299999999,-236.278804,-0.08251511188080504,-0.7022757694177539,0.7022757694177539,-0.08251511188080504
-53.28637200000003,-22.94295299999999,-236.278804,-0.08251511188080504,-0.7022757694177539,0.7022757694177539,-0.08251511188080504
-53.955246999999986,-22.798542999999995,-237.72972099999998,-0.08251863778412355,-0.7022742732457593,0.7022771016723195,-0.08251298093100336
-53.955246999999986,-22.798542999999995,-237.72972099999998,-0.08251863778412355,-0.7022742732457593,0.7022771016723195,-0.08251298093100336
-54.62509299999999,-22.648735999999985,-239.179932,-0.08251580935838863,-0.7022756874660622,0.7022756874660622,-0.08251580935838863
-54.62509299999999,-22.648735999999985,-239.179932,-0.08251580935838863,-0.7022756874660622,0.7022756874660622,-0.08251580935838863
-54.18642299999999,-22.379120999999998,-240.884851,0.08253208263601397,0.7022785994942963,-0.7022701142136059,0.0825221831418751
-54.18642299999999,-22.379120999999998,-240.884851,0.08253208263601397,0.7022785994942963,-0.7022701142136059,0.0825221831418751
-53.74930400000005,-22.103976999999986,-242.608759,-0.08251511188080504,-0.7022757694177539,0.7022757694177539,-0.08251511188080504
-53.74930400000005,-22.103976999999986,-242.608759,-0.08251511188080504,-0.7022757694177539,0.7022757694177539,-0.08251511188080504
-52.16071899999997,-21.634282999999982,-244.590157,0.08254765856833642,0.702285130071603,-0.7022582600097081,0.08255190120968822
-52.16071899999997,-21.634282999999982,-244.590157,0.08254765856833642,0.702285130071603,-0.7022582600097081,0.08255190120968822
-50.589489999999955,-21.186361999999974,-246.617611,-0.08251511188080504,-0.7022757694177539,0.7022757694177539,-0.08251511188080504
-50.589489999999955,-21.186361999999974,-246.617611,-0.08251511188080504,-0.7022757694177539,0.7022757694177539,-0.08251511188080504
-47.802531000000045,-20.647547999999972,-248.845353,0.08256744814750536,0.702295656603776,-0.7022390880588685,0.08260563191531815
-47.802531000000045,-20.647547999999972,-248.845353,0.08256744814750536,0.702295656603776,-0.7022390880588685,0.08260563191531815
-45.06510700000001,-20.187096999999994,-251.15525,0.08251440477399996,0.7022764765237742,-0.7022750623103291,0.08251581898744506
-45.06510700000001,-20.187096999999994,-251.15525,0.08251440477399996,0.7022764765237742,-0.7022750623103291,0.08251581898744506
-40.94671800000003,-19.65589,-253.642405,0.08260277897677348,0.7023138329783845,-0.7022049385617499,0.08270601654059592
-40.94671800000003,-19.65589,-253.642405,0.08260277897677348,0.7023138329783845,-0.7022049385617499,0.08270601654059592
-36.94204300000001,-19.309484999999995,-256.269837,-0.08251580935838863,-0.7022756874660622,0.7022756874660622,-0.08251580935838863
-36.94204300000001,-19.309484999999995,-256.269837,-0.08251580935838863,-0.7022756874660622,0.7022756874660622,-0.08251580935838863
-34.176128999999946,-19.14720699999998,-257.912703,0.0825582750140695,0.7022958204006146,-0.7022392518425132,0.08261201514426579
-34.176128999999946,-19.14720699999998,-257.912703,0.0825582750140695,0.7022958204006146,-0.7022392518425132,0.08261201514426579
-31.466854000000012,-19.07720599999999,-259.62336700000003,-0.08251580935838863,-0.7022756874660622,0.7022756874660622,-0.08251580935838863
-31.466854000000012,-19.07720599999999,-259.62336700000003,-0.08251580935838863,-0.7022756874660622,0.7022756874660622,-0.08251580935838863
-29.519938000000025,-19.052768000000015,-260.701024,0.08253632556569027,0.702286380130127,-0.7022566816476062,0.08256602404821106
-29.519938000000025,-19.052768000000015,-260.701024,0.08253632556569027,0.702286380130127,-0.7022566816476062,0.08256602404821106
-27.603161,-19.077203999999995,-261.812284,-0.08251580935838863,-0.7022756874660622,0.7022756874660622,-0.08251580935838863
-27.603161,-19.077203999999995,-261.812284,-0.08251580935838863,-0.7022756874660622,0.7022756874660622,-0.08251580935838863
-26.139415999999983,-19.061399999999992,-262.517841,0.08252647411072023,0.7022818391859196,-0.7022648686146006,0.08254485889631596
-26.139415999999983,-19.061399999999992,-262.517841,0.08252647411072023,0.7022818391859196,-0.7022648686146006,0.08254485889631596
-24.694353999999976,-19.07481200000001,-263.241505,-0.08251580935838863,-0.7022756874660622,0.7022756874660622,-0.08251580935838863
-24.694353999999976,-19.07481200000001,-263.241505,-0.08251580935838863,-0.7022756874660622,0.7022756874660622,-0.08251580935838863
-23.52302199999997,-19.098783000000026,-263.704131,0.08252146640209211,0.7022792246211755,-0.7022693251281922,0.08253419432164207
-23.52302199999997,-19.098783000000026,-263.704131,0.08252146640209211,0.7022792246211755,-0.7022693251281922,0.08253419432164207
-22.36296100000004,-19.14170200000001,-264.17724499999997,-0.08251511188080504,-0.7022757694177539,0.7022757694177539,-0.08251511188080504
-22.36296100000004,-19.14170200000001,-264.17724499999997,-0.08251511188080504,-0.7022757694177539,0.7022757694177539,-0.08251511188080504
-21.372477000000003,-19.235356000000024,-264.487627,0.08251862343802031,0.7022783937924533,-0.7022713227272823,0.08252710871622539
-21.372477000000003,-19.235356000000024,-264.487627,0.08251862343802031,0.7022783937924533,-0.7022713227272823,0.08252710871622539
-20.389470999999958,-19.341998999999987,-264.804118,-0.08251511188080504,-0.7022757694177539,0.7022757694177539,-0.08251511188080504
-20.389470999999958,-19.341998999999987,-264.804118,-0.08251511188080504,-0.7022757694177539,0.7022757694177539,-0.08251511188080504
-19.492467000000033,-19.33454499999999,-264.994545,0.08251792596208118,0.7022777686480157,-0.7022721117952188,0.08252641124127658
-19.492467000000033,-19.33454499999999,-264.994545,0.08251792596208118,0.7022777686480157,-0.7022721117952188,0.08252641124127658
-18.602649000000042,-19.338449000000026,-265.189779,-0.08251511188080504,-0.7022757694177539,0.7022757694177539,-0.08251511188080504
-18.602649000000042,-19.338449000000026,-265.189779,-0.08251511188080504,-0.7022757694177539,0.7022757694177539,-0.08251511188080504
-17.76185899999996,-19.325549000000024,-265.309018,0.08251513605468637,0.7022773893724857,-0.7022731467309077,0.08252362133784279
-17.76185899999996,-19.325549000000024,-265.309018,0.08251513605468637,0.7022773893724857,-0.7022731467309077,0.08252362133784279
-16.927825999999982,-19.32271700000001,-265.431983,-0.08251231233953661,-0.7022753081611156,0.7022767223750558,-0.0825137265534768
-16.927825999999982,-19.32271700000001,-265.431983,-0.08251231233953661,-0.7022753081611156,0.7022767223750558,-0.0825137265534768
-16.12641499999995,-19.362228000000016,-265.512747,0.08251296167232304,0.7022769377595622,-0.7022741093336622,0.08252144695002284
-16.12641499999995,-19.362228000000016,-265.512747,0.08251296167232304,0.7022769377595622,-0.7022741093336622,0.08252144695002284
-15.329999000000043,-19.410564000000022,-265.596505,-0.08251161486089384,-0.7022753901100306,0.7022768043241358,-0.08251302907499905
-15.329999000000043,-19.410564000000022,-265.596505,-0.08251161486089384,-0.7022753901100306,0.7022768043241358,-0.08251302907499905
-14.545038999999974,-19.427368,-265.641525,0.08251514568482736,0.7022767642265608,-0.7022739357985119,0.08252221675494963
-14.545038999999974,-19.427368,-265.641525,0.08251514568482736,0.7022767642265608,-0.7022739357985119,0.08252221675494963
-13.765694000000053,-19.45293700000002,-265.68937900000003,-0.08251511188080504,-0.7022757694177539,0.7022757694177539,-0.08251511188080504
-13.765694000000053,-19.45293700000002,-265.68937900000003,-0.08251511188080504,-0.7022757694177539,0.7022757694177539,-0.08251511188080504
-12.997603000000026,-19.506245999999976,-265.721017,0.08251655026937095,0.7022773893795087,-0.7022731467379303,0.08252220712480861
-12.997603000000026,-19.506245999999976,-265.721017,0.08251655026937095,0.7022773893795087,-0.7022731467379303,0.08252220712480861
-12.234317000000033,-19.56787300000002,-265.755207,-0.08251511188080504,-0.7022757694177539,0.7022757694177539,-0.08251511188080504
-12.234317000000033,-19.56787300000002,-265.755207,-0.08251511188080504,-0.7022757694177539,0.7022757694177539,-0.08251511188080504
-11.477045999999973,-19.658789000000013,-265.78135399999996,0.08251655026957722,0.7022766822743346,-0.7022738538466157,0.0825222071250149
-11.477045999999973,-19.658789000000013,-265.78135399999996,0.08251655026957722,0.7022766822743346,-0.7022738538466157,0.0825222071250149
-10.724869000000012,-19.75767000000002,-265.80985699999997,-0.08251511188080504,-0.7022757694177539,0.7022757694177539,-0.08251511188080504
-10.724869000000012,-19.75767000000002,-265.80985699999997,-0.08251511188080504,-0.7022757694177539,0.7022757694177539,-0.08251511188080504
-9.97240099999999,-19.886142000000007,-265.835005,0.08251655026957722,0.7022766822743346,-0.7022738538466157,0.0825222071250149
-9.97240099999999,-19.886142000000007,-265.835005,0.08251655026957722,0.7022766822743346,-0.7022738538466157,0.0825222071250149
-9.224984999999947,-20.022313999999994,-265.862401,-0.08251511188080504,-0.7022757694177539,0.7022757694177539,-0.08251511188080504
-9.224984999999947,-20.022313999999994,-265.862401,-0.08251511188080504,-0.7022757694177539,0.7022757694177539,-0.08251511188080504
-8.463353999999981,-20.071574,-265.862263,0.08251654063927458,0.7022773074202058,-0.7022730647791227,0.08252361170774644
-8.463353999999981,-20.071574,-265.862263,0.08251654063927458,0.7022773074202058,-0.7022730647791227,0.08252361170774644
-7.707627000000002,-20.129661,-265.864933,-0.08251511188080504,-0.7022757694177539,0.7022757694177539,-0.08251511188080504
-7.707627000000002,-20.129661,-265.864933,-0.08251511188080504,-0.7022757694177539,0.7022757694177539,-0.08251511188080504
-6.949325000000044,-20.213768000000016,-265.867635,0.08251654063927458,0.7022773074202058,-0.7022730647791227,0.08252361170774644
-6.949325000000044,-20.213768000000016,-265.867635,0.08251654063927458,0.7022773074202058,-0.7022730647791227,0.08252361170774644
-6.196601999999984,-20.306601999999998,-265.873132,-0.08251511188080504,-0.7022757694177539,0.7022757694177539,-0.08251511188080504
-6.196601999999984,-20.306601999999998,-265.873132,-0.08251511188080504,-0.7022757694177539,0.7022757694177539,-0.08251511188080504
-5.432478999999944,-20.362934999999993,-265.863941,0.08251654063927458,0.7022773074202058,-0.7022730647791227,0.08252361170774644
-5.432478999999944,-20.362934999999993,-265.863941,0.08251654063927458,0.7022773074202058,-0.7022730647791227,0.08252361170774644
-4.674365999999964,-20.428792999999985,-265.857945,-0.08251511188080504,-0.7022757694177539,0.7022757694177539,-0.08251511188080504
-4.674365999999964,-20.428792999999985,-265.857945,-0.08251511188080504,-0.7022757694177539,0.7022757694177539,-0.08251511188080504
-3.919952999999964,-20.55198999999999,-265.86296500000003,0.08251654063927458,0.7022773074202058,-0.7022730647791227,0.08252361170774644
-3.919952999999964,-20.55198999999999,-265.86296500000003,0.08251654063927458,0.7022773074202058,-0.7022730647791227,0.08252361170774644
-3.1707189999999628,-20.684251000000017,-265.871018,-0.08251511188080504,-0.7022757694177539,0.7022757694177539,-0.08251511188080504
-3.1707189999999628,-20.684251000000017,-265.871018,-0.08251511188080504,-0.7022757694177539,0.7022757694177539,-0.08251511188080504
-2.4077650000000403,-20.764355000000023,-265.861466,0.08251723811623507,0.7022772254633897,-0.7022729828228017,0.08252430918388175
-2.4077650000000403,-20.764355000000023,-265.861466,0.08251723811623507,0.7022772254633897,-0.7022729828228017,0.08252430918388175
-1.6508139999999685,-20.854509000000007,-265.855495,-0.08251511188080504,-0.7022757694177539,0.7022757694177539,-0.08251511188080504
-1.6508139999999685,-20.854509000000007,-265.855495,-0.08251511188080504,-0.7022757694177539,0.7022757694177539,-0.08251511188080504
-0.8904569999999694,-20.958181000000025,-265.850367,0.08251654063927458,0.7022773074202058,-0.7022730647791227,0.08252361170774644
-0.8904569999999694,-20.958181000000025,-265.850367,0.08251654063927458,0.7022773074202058,-0.7022730647791227,0.08252361170774644
-0.13645599999995284,-21.072000000000003,-265.84898599999997,-0.08251441440297727,-0.7022758513687722,0.7022758513687721,-0.08251441440297727
-0.13645599999995284,-21.072000000000003,-265.84898599999997,-0.08251441440297727,-0.7022758513687722,0.7022758513687721,-0.08251441440297727
0.6242389999999887,-21.176672999999994,-265.842513,0.08251653100872774,0.7022779325638338,-0.7022722757097165,0.08252501628990366
0.6242389999999887,-21.176672999999994,-265.842513,0.08251653100872774,0.7022779325638338,-0.7022722757097165,0.08252501628990366
1.3782210000000532,-21.291923999999995,-265.840127,-0.08251441440297727,-0.7022758513687722,0.7022758513687721,-0.08251441440297727
1.3782210000000532,-21.291923999999995,-265.840127,-0.08251441440297727,-0.7022758513687722,0.7022758513687721,-0.08251441440297727
2.1416619999999966,-21.37981000000002,-265.827019,0.08251722848552656,0.7022778506062617,-0.7022721937528045,0.08252571376571224
2.1416619999999966,-21.37981000000002,-265.827019,0.08251722848552656,0.7022778506062617,-0.7022721937528045,0.08252571376571224
2.897487999999953,-21.479000999999982,-265.818519,-0.08251511188080504,-0.7022757694177539,0.7022757694177539,-0.08251511188080504
2.897487999999953,-21.479000999999982,-265.818519,-0.08251511188080504,-0.7022757694177539,0.7022757694177539,-0.08251511188080504
3.661950000000047,-21.559487999999988,-265.801458,0.0825172188545739,0.7022784757468903,-0.7022714046808942,0.08252711834696842
3.661950000000047,-21.559487999999988,-265.801458,0.0825172188545739,0.7022784757468903,-0.7022714046808942,0.08252711834696842
4.418543999999997,-21.651981999999975,-265.789488,-0.08251511188080504,-0.7022757694177539,0.7022757694177539,-0.08251511188080504
4.418543999999997,-21.651981999999975,-265.789488,-0.08251511188080504,-0.7022757694177539,0.7022757694177539,-0.08251511188080504
5.184667999999988,-21.703306999999995,-265.762565,0.08251791633096683,0.7022783937878884,-0.7022713227227175,0.08252781582220606
5.184667999999988,-21.703306999999995,-265.762565,0.08251791633096683,0.7022783937878884,-0.7022713227227175,0.08252781582220606
5.941957000000002,-21.767714000000012,-265.741463,-0.08251511188080504,-0.7022757694177539,0.7022757694177539,-0.08251511188080504
5.941957000000002,-21.767714000000012,-265.741463,-0.08251511188080504,-0.7022757694177539,0.7022757694177539,-0.08251511188080504
6.700557000000003,-21.849774000000025,-265.720477,0.08251791633096683,0.7022783937878884,-0.7022713227227175,0.08252781582220606
6.700557000000003,-21.849774000000025,-265.720477,0.08251791633096683,0.7022783937878884,-0.7022713227227175,0.08252781582220606
7.450711999999953,-21.94503900000001,-265.705537,-0.08251511188080504,-0.7022757694177539,0.7022757694177539,-0.08251511188080504
7.450711999999953,-21.94503900000001,-265.705537,-0.08251511188080504,-0.7022757694177539,0.7022757694177539,-0.08251511188080504
8.19793900000002,-22.06472100000002,-265.6945,0.08251791633096683,0.7022783937878884,-0.7022713227227175,0.08252781582220606
8.19793900000002,-22.06472100000002,-265.6945,0.08251791633096683,0.7022783937878884,-0.7022713227227175,0.08252781582220606
8.936427999999978,-22.197284000000025,-265.689639,-0.08251511188080504,-0.7022757694177539,0.7022757694177539,-0.08251511188080504
8.936427999999978,-22.197284000000025,-265.689639,-0.08251511188080504,-0.7022757694177539,0.7022757694177539,-0.08251511188080504
9.70214199999998,-22.19212399999998,-265.640621,0.0825186764985382,0.702279552473309,-0.7022696529757041,0.08253140442403006
9.70214199999998,-22.19212399999998,-265.640621,0.0825186764985382,0.702279552473309,-0.7022696529757041,0.08253140442403006
10.456977000000052,-22.203322000000014,-265.59984,-0.08251511188080504,-0.7022757694177539,0.7022757694177539,-0.08251511188080504
10.456977000000052,-22.203322000000014,-265.59984,-0.08251511188080504,-0.7022757694177539,0.7022757694177539,-0.08251511188080504
11.208555000000047,-22.178638999999976,-265.542647,0.08251866686650094,0.7022801776062364,-0.7022688638960087,0.08253280900428557
11.208555000000047,-22.178638999999976,-265.542647,0.08251866686650094,0.7022801776062364,-0.7022688638960087,0.08253280900428557
11.948669999999993,-22.171307000000013,-265.494512,-0.08251511188080504,-0.7022757694177539,0.7022757694177539,-0.08251511188080504
11.948669999999993,-22.171307000000013,-265.494512,-0.08251511188080504,-0.7022757694177539,0.7022757694177539,-0.08251511188080504
12.696744999999964,-22.37555500000002,-265.518476,0.08251938360621139,0.7022795524792783,-0.7022696529816734,0.08253069731775979
12.696744999999964,-22.37555500000002,-265.518476,0.08251938360621139,0.7022795524792783,-0.7022696529816734,0.08253069731775979
13.435326000000032,-22.594450999999992,-265.550672,-0.08251511188080504,-0.7022757694177539,0.7022757694177539,-0.08251511188080504
13.435326000000032,-22.594450999999992,-265.550672,-0.08251511188080504,-0.7022757694177539,0.7022757694177539,-0.08251511188080504
14.182511999999974,-22.585894999999994,-265.493465,0.08251935471015086,0.7022807207733855,-0.7022679928523504,0.08253491105808251
14.182511999999974,-22.585894999999994,-265.493465,0.08251935471015086,0.7022807207733855,-0.7022679928523504,0.08253491105808251
14.91687300000001,-22.596619999999973,-265.447215,-0.08251511188080504,-0.7022757694177539,0.7022757694177539,-0.08251511188080504
14.91687300000001,-22.596619999999973,-265.447215,-0.08251511188080504,-0.7022757694177539,0.7022757694177539,-0.08251511188080504
15.665197000000035,-22.528661999999997,-265.363223,0.08252003292076229,0.7022811819616886,-0.7022670398321574,0.0825384176891528
15.665197000000035,-22.528661999999997,-265.363223,0.08252003292076229,0.7022811819616886,-0.7022670398321574,0.0825384176891528
16.398635000000013,-22.482969000000026,-265.292266,-0.08251511188080504,-0.7022757694177539,0.7022757694177539,-0.08251511188080504
16.398635000000013,-22.482969000000026,-265.292266,-0.08251511188080504,-0.7022757694177539,0.7022757694177539,-0.08251511188080504
17.152574999999956,-22.53266000000002,-265.249197,0.08252003291989585,0.7022818890607911,-0.7022663327183071,0.08253841768828615
17.152574999999956,-22.53266000000002,-265.249197,0.08252003291989585,0.7022818890607911,-0.7022663327183071,0.08253841768828615
17.89194999999995,-22.60455300000001,-265.220086,-0.08251441440297727,-0.7022758513687722,0.7022758513687721,-0.08251441440297727
17.89194999999995,-22.60455300000001,-265.220086,-0.08251441440297727,-0.7022758513687722,0.7022758513687721,-0.08251441440297727
18.634483000000046,-22.585541999999975,-265.152329,0.08252079308449049,0.7022830477118481,-0.702264662931637,0.0825420062924264
18.634483000000046,-22.585541999999975,-265.152329,0.08252079308449049,0.7022830477118481,-0.702264662931637,0.0825420062924264
19.360375999999974,-22.591993000000002,-265.101244,-0.08251371692490533,-0.7022759333191169,0.7022759333191169,-0.08251371692490533
19.360375999999974,-22.591993000000002,-265.101244,-0.08251371692490533,-0.7022759333191169,0.7022759333191169,-0.08251371692490533
20.103669999999966,-22.57325800000001,-265.035122,0.08252147129111617,0.7022842159748315,-0.7022630027743247,0.0825455129183571
20.103669999999966,-22.57325800000001,-265.035122,0.08252147129111617,0.7022842159748315,-0.7022630027743247,0.0825455129183571
20.828011999999944,-22.583221999999978,-264.989012,-0.08251301944654794,-0.7022753081614667,0.7022767223754068,-0.08251301944654794
20.828011999999944,-22.583221999999978,-264.989012,-0.08251301944654794,-0.7022753081614667,0.7022767223754068,-0.08251301944654794
21.574690000000032,-22.559429000000023,-264.920567,0.08252431424171434,0.7022857537869566,-0.7022602979418685,0.08255259851403451
21.574690000000032,-22.559429000000023,-264.920567,0.08252431424171434,0.7022857537869566,-0.7022602979418685,0.08255259851403451
22.299015000000054,-22.568944999999985,-264.877041,-0.08251580935838863,-0.7022756874660622,0.7022756874660622,-0.08251580935838863
22.299015000000054,-22.568944999999985,-264.877041,-0.08251580935838863,-0.7022756874660622,0.7022756874660622,-0.08251580935838863
23.048862999999983,-22.544299000000024,-264.807351,0.08252924960258289,0.7022884597888076,-0.7022559328813097,0.08256177651008087
23.048862999999983,-22.544299000000024,-264.807351,0.08252924960258289,0.7022884597888076,-0.7022559328813097,0.08256177651008087
23.772582000000057,-22.558982000000015,-264.76930500000003,-0.08251511188080504,-0.7022757694177539,0.7022757694177539,-0.08251511188080504
23.772582000000057,-22.558982000000015,-264.76930500000003,-0.08251511188080504,-0.7022757694177539,0.7022757694177539,-0.08251511188080504
24.527923999999985,-22.51459299999999,-264.700656,0.08253633041135636,0.7022927853219204,-0.702248944702292,0.08257734260391195
24.527923999999985,-22.51459299999999,-264.700656,0.08253633041135636,0.7022927853219204,-0.702248944702292,0.08257734260391195
25.25035200000002,-22.520204999999976,-264.676281,-0.08251511188080504,-0.7022757694177539,0.7022757694177539,-0.08251511188080504
25.25035200000002,-22.520204999999976,-264.676281,-0.08251511188080504,-0.7022757694177539,0.7022757694177539,-0.08251511188080504
26.016795000000002,-22.45514400000002,-264.596805,0.08254903432219197,0.7023003592186534,-0.7022367196280263,0.08260418863406885
26.016795000000002,-22.45514400000002,-264.596805,0.08254903432219197,0.7023003592186534,-0.7022367196280263,0.08260418863406885
26.737887999999998,-22.458601999999985,-264.58504800000003,-0.08251441440297727,-0.7022758513687722,0.7022758513687721,-0.08251441440297727
26.737887999999998,-22.458601999999985,-264.58504800000003,-0.08251441440297727,-0.7022758513687722,0.7022758513687721,-0.08251441440297727
27.533165000000054,-22.36971699999998,-264.488296,0.08258866103069976,0.7023232310384345,-0.7022001944537385,0.08268058491581759
27.533165000000054,-22.36971699999998,-264.488296,0.08258866103069976,0.7023232310384345,-0.7022001944537385,0.08268058491581759
28.21663699999999,-22.131587000000025,-263.992482,-0.08188010940563267,-0.701685158440876,0.7029904771216837,-0.08208517030348435
28.21663699999999,-22.131587000000025,-263.992482,-0.08188010940563267,-0.701685158440876,0.7029904771216837,-0.08208517030348435
30.65458000000001,-21.411651000000006,-263.497117,0.08238783967086985,0.7022878499022682,-0.702051676236871,0.08442430720483234
30.65458000000001,-21.411651000000006,-263.497117,0.08238783967086985,0.7022878499022682,-0.702051676236871,0.08442430720483234
31.300573999999983,-22.117323,-264.374108,-0.08251511188080504,-0.7022757694177539,0.7022757694177539,-0.08251511188080504
31.300573999999983,-22.117323,-264.374108,-0.08251511188080504,-0.7022757694177539,0.7022757694177539,-0.08251511188080504
31.300573999999983,-22.117323,-264.374108,-0.08251511188080504,-0.7022757694177539,0.7022757694177539,-0.08251511188080504
31.300573999999983,-22.117323,-264.374108,-0.08251511188080504,-0.7022757694177539,0.7022757694177539,-0.08251511188080504
31.300573999999983,-22.117323,-264.374108,-0.08251511188080504,-0.7022757694177539,0.7022757694177539,-0.08251511188080504
31.300573999999983,-22.117323,-264.374108,-0.08251511188080504,-0.7022757694177539,0.7022757694177539,-0.08251511188080504
31.300573999999983,-22.117323,-264.374108,-0.08251511188080504,-0.7022757694177539,0.7022757694177539,-0.08251511188080504
31.300573999999983,-22.117323,-264.374108,-0.08251511188080504,-0.7022757694177539,0.7022757694177539,-0.08251511188080504
31.300573999999983,-22.117323,-264.374108,-0.08251511188080504,-0.7022757694177539,0.7022757694177539,-0.08251511188080504
31.300573999999983,-22.117323,-264.374108,-0.08251511188080504,-0.7022757694177539,0.7022757694177539,-0.08251511188080504
31.300573999999983,-22.117323,-264.374108,-0.08251511188080504,-0.7022757694177539,0.7022757694177539,-0.08251511188080504
31.300573999999983,-22.117323,-264.374108,-0.08251511188080504,-0.7022757694177539,0.7022757694177539,-0.08251511188080504
31.300573999999983,-22.117323,-264.374108,-0.08251511188080504,-0.7022757694177539,0.7022757694177539,-0.08251511188080504
31.300573999999983,-22.117323,-264.374108,-0.08251511188080504,-0.7022757694177539,0.7022757694177539,-0.08251511188080504
31.300573999999983,-22.117323,-264.374108,-0.08251511188080504,-0.7022757694177539,0.7022757694177539,-0.08251511188080504
31.300573999999983,-22.117323,-264.374108,-0.08251511188080504,-0.7022757694177539,0.7022757694177539,-0.08251511188080504
31.300573999999983,-22.117323,-264.374108,-0.08251511188080504,-0.7022757694177539,0.7022757694177539,-0.08251511188080504
31.300573999999983,-22.117323,-264.374108,-0.08251511188080504,-0.7022757694177539,0.7022757694177539,-0.08251511188080504
31.300573999999983,-22.117323,-264.374108,-0.08251511188080504,-0.7022757694177539,0.7022757694177539,-0.08251511188080504
31.300573999999983,-22.117323,-264.374108,-0.08251511188080504,-0.7022757694177539,0.7022757694177539,-0.08251511188080504
31.300573999999983,-22.117323,-264.374108,-0.08251511188080504,-0.7022757694177539,0.7022757694177539,-0.08251511188080504
31.300573999999983,-22.117323,-264.374108,-0.08251511188080504,-0.7022757694177539,0.7022757694177539,-0.08251511188080504
31.300573999999983,-22.117323,-264.374108,-0.08251511188080504,-0.7022757694177539,0.7022757694177539,-0.08251511188080504
31.300573999999983,-22.117323,-264.374108,-0.08251511188080504,-0.7022757694177539,0.7022757694177539,-0.08251511188080504
31.300573999999983,-22.117323,-264.374108,-0.08251511188080504,-0.7022757694177539,0.7022757694177539,-0.08251511188080504
31.300573999999983,-22.117323,-264.374108,-0.08251511188080504,-0.7022757694177539,0.7022757694177539,-0.08251511188080504
31.300598000000036,-22.115229,-264.374117,-0.08251511188080504,-0.7022757694177539,0.7022757694177539,-0.08251511188080504
31.300598000000036,-22.115229,-264.374117,-0.08251511188080504,-0.7022757694177539,0.7022757694177539,-0.08251511188080504
31.31957299999999,-19.34329600000001,-264.381564,0.08251510224362087,0.7022855868898474,-0.7022657879039286,0.0825165164569008
31.31957299999999,-19.34329600000001,-264.381564,0.08251510224362087,0.7022855868898474,-0.7022657879039286,0.0825165164569008
31.31320100000005,-16.574748,-264.379057,0.08251510224836547,0.7022820513970288,-0.7022693234775089,0.08251651646164548
31.31320100000005,-16.574748,-264.379057,0.08251510224836547,0.7022820513970288,-0.7022693234775089,0.08251651646164548
